dep_code;year;n_doctors;doctor_density_per_100k;pop_jan1;density_check;rel_diff_pct
01;2012;1190;194.380000;612191;194.383779;0.001944
01;2013;1200;193.710000;619497;193.705539;-0.002303
01;2014;1194;190.700000;626127;190.696137;-0.002026
01;2015;1199;189.750000;631877;189.752119;0.001117
01;2016;1194;187.020000;638425;187.022751;0.001471
01;2017;1211;188.230000;643350;188.233465;0.001841
01;2018;1200;185.290000;647634;185.289840;-0.000087
01;2019;1182;181.170000;652432;181.168306;-0.000935
01;2020;1170;177.850000;657856;177.850472;0.000265
01;2021;1185;178.680000;663202;178.678593;-0.000788
02;2012;1258;232.580000;540888;232.580497;0.000214
02;2013;1254;232.190000;540067;232.193413;0.001470
02;2014;1232;228.240000;539783;228.239867;-0.000058
02;2015;1235;229.270000;538659;229.273065;0.001337
02;2016;1218;227.180000;536136;227.181163;0.000512
02;2017;1227;229.560000;534490;229.564632;0.002018
02;2018;1220;228.760000;533316;228.757435;-0.001121
02;2019;1179;221.890000;531345;221.889733;-0.000120
02;2020;1150;217.240000;529374;217.237719;-0.001050
02;2021;1162;220.300000;527468;220.297724;-0.001033
03;2012;950;277.040000;342911;277.039815;-0.000067
03;2013;960;279.530000;343431;279.532133;0.000763
03;2014;957;278.960000;343062;278.958322;-0.000601
03;2015;959;280.730000;341613;280.727022;-0.001061
03;2016;946;278.740000;339384;278.740306;0.000110
03;2017;939;277.820000;337988;277.820514;0.000185
03;2018;957;283.830000;337171;283.832239;0.000789
03;2019;929;276.510000;335975;276.508669;-0.000481
03;2020;910;271.130000;335628;271.133517;0.001297
03;2021;919;274.430000;334872;274.433216;0.001172
04;2012;494;306.370000;161241;306.373689;0.001204
04;2013;487;300.770000;161916;300.773240;0.001077
04;2014;488;302.000000;161588;302.002624;0.000869
04;2015;502;310.260000;161799;310.261497;0.000483
04;2016;506;311.260000;162565;311.260111;0.000036
04;2017;491;299.550000;163915;299.545496;-0.001504
04;2018;503;306.580000;164068;306.580198;0.000065
04;2019;494;300.650000;164308;300.654868;0.001619
04;2020;496;299.790000;165451;299.786644;-0.001120
04;2021;497;299.260000;166077;299.258778;-0.000408
05;2012;562;402.710000;139554;402.711495;0.000371
05;2013;575;412.840000;139279;412.840414;0.000100
05;2014;582;416.060000;139883;416.061995;0.000479
05;2015;590;418.690000;140916;418.689148;-0.000203
05;2016;599;424.500000;141107;424.500556;0.000131
05;2017;614;434.590000;141284;434.585657;-0.000999
05;2018;625;444.210000;140698;444.213848;0.000866
05;2019;633;448.240000;141220;448.236794;-0.000715
05;2020;678;482.200000;140605;482.201913;0.000397
05;2021;664;471.000000;140976;471.002156;0.000458
06;2012;4864;449.530000;1082014;449.532076;0.000462
06;2013;4871;450.700000;1080771;450.696771;-0.000716
06;2014;4883;450.750000;1083312;450.747338;-0.000591
06;2015;4863;449.260000;1082440;449.262777;0.000618
06;2016;4876;449.940000;1083704;449.938360;-0.000365
06;2017;4917;453.890000;1083310;453.886699;-0.000727
06;2018;4945;455.250000;1086219;455.248895;-0.000243
06;2019;4931;450.610000;1094283;450.614695;0.001042
06;2020;4929;449.150000;1097410;449.148450;-0.000345
06;2021;4977;450.840000;1103941;450.839311;-0.000153
07;2012;761;239.000000;318407;239.002283;0.000955
07;2013;784;244.710000;320379;244.710171;0.000070
07;2014;785;243.500000;322381;243.500703;0.000289
07;2015;808;249.220000;324209;249.221953;0.000783
07;2016;791;243.270000;325157;243.267099;-0.001193
07;2017;790;242.550000;325712;242.545562;-0.001830
07;2018;789;241.580000;326606;241.575476;-0.001873
07;2019;821;250.090000;328278;250.092909;0.001163
07;2020;770;233.810000;329325;233.811584;0.000678
07;2021;746;225.100000;331415;225.095424;-0.002033
08;2012;643;227.390000;282778;227.386855;-0.001383
08;2013;654;232.820000;280907;232.817267;-0.001174
08;2014;659;235.600000;279715;235.596947;-0.001296
08;2015;656;236.180000;277752;236.181918;0.000812
08;2016;650;236.050000;275371;236.045190;-0.002038
08;2017;642;234.670000;273579;234.667135;-0.001221
08;2018;663;243.890000;271845;243.888981;-0.000418
08;2019;645;238.380000;270582;238.375058;-0.002073
08;2020;640;237.300000;269701;237.299825;-0.000074
08;2021;634;235.810000;268859;235.811336;0.000567
09;2012;462;303.220000;152366;303.217253;-0.000906
09;2013;438;286.870000;152684;286.866993;-0.001048
09;2014;445;291.660000;152574;291.661751;0.000600
09;2015;453;297.050000;152499;297.051128;0.000380
09;2016;440;287.460000;153067;287.455820;-0.001454
09;2017;449;293.170000;153153;293.170881;0.000301
09;2018;440;287.460000;153066;287.457698;-0.000801
09;2019;425;277.260000;153287;277.257693;-0.000832
09;2020;428;278.010000;153954;278.005118;-0.001756
09;2021;420;271.680000;154596;271.675852;-0.001527
10;2012;724;236.910000;305606;236.906343;-0.001543
10;2013;729;237.780000;306581;237.783816;0.001605
10;2014;738;239.540000;308094;239.537284;-0.001134
10;2015;744;240.730000;309056;240.733071;0.001276
10;2016;748;242.140000;308910;242.141724;0.000712
10;2017;739;238.370000;310020;238.371718;0.000721
10;2018;725;233.860000;310020;233.855880;-0.001762
10;2019;722;232.720000;310242;232.721553;0.000667
10;2020;730;234.400000;311435;234.398831;-0.000499
10;2021;705;226.450000;311329;226.448548;-0.000641
11;2012;1074;296.410000;362339;296.407508;-0.000841
11;2013;1090;298.730000;364877;298.730805;0.000270
11;2014;1081;295.780000;365478;295.777037;-0.001002
11;2015;1075;292.950000;366957;292.949855;-0.000049
11;2016;1068;290.200000;368025;290.197677;-0.000801
11;2017;1070;288.990000;370260;288.986118;-0.001343
11;2018;1084;290.770000;372806;290.767852;-0.000739
11;2019;1108;296.200000;374070;296.201246;0.000421
11;2020;1067;284.370000;375217;284.368779;-0.000430
11;2021;1088;289.340000;376028;289.340156;0.000054
12;2012;749;271.150000;276229;271.151834;0.000676
12;2013;763;274.720000;277740;274.717362;-0.000960
12;2014;751;269.520000;278644;269.519530;-0.000174
12;2015;756;270.800000;279169;270.803707;0.001369
12;2016;765;274.490000;278697;274.491652;0.000602
12;2017;757;271.130000;279206;271.125979;-0.001483
12;2018;750;268.550000;279274;268.553464;0.001290
12;2019;746;266.810000;279595;266.814500;0.001686
12;2020;735;262.920000;279554;262.918792;-0.000459
12;2021;713;254.960000;279649;254.962471;0.000969
13;2012;8827;444.730000;1984784;444.733533;0.000794
13;2013;8839;443.460000;1993177;443.462874;0.000648
13;2014;8826;439.960000;2006069;439.964926;0.001120
13;2015;8792;435.980000;2016622;435.976598;-0.000780
13;2016;8892;440.260000;2019717;440.259700;-0.000068
13;2017;8851;437.270000;2024162;437.267373;-0.000601
13;2018;8970;440.930000;2034357;440.925560;-0.001007
13;2019;8990;440.020000;2043110;440.015467;-0.001030
13;2020;9096;444.130000;2048070;444.125445;-0.001026
13;2021;9088;441.820000;2056943;441.820702;0.000159
14;2012;2407;349.930000;687854;349.928909;-0.000312
14;2013;2433;352.640000;689945;352.636804;-0.000906
14;2014;2455;354.940000;691670;354.938048;-0.000550
14;2015;2478;357.280000;693579;357.277253;-0.000769
14;2016;2527;364.290000;693679;364.289534;-0.000128
14;2017;2525;363.830000;694002;363.831805;0.000496
14;2018;2536;365.390000;694056;365.388384;-0.000442
14;2019;2550;366.960000;694905;366.956634;-0.000917
14;2020;2590;371.300000;697547;371.301145;0.000308
14;2021;2666;380.510000;700633;380.513050;0.000802
15;2012;404;274.060000;147415;274.056236;-0.001373
15;2013;405;275.440000;147035;275.444622;0.001678
15;2014;421;287.140000;146618;287.140733;0.000255
15;2015;411;281.090000;146219;281.085221;-0.001700
15;2016;424;290.470000;145969;290.472635;0.000907
15;2017;425;292.810000;145143;292.814672;0.001596
15;2018;418;288.740000;144765;288.743826;0.001325
15;2019;406;280.600000;144692;280.596025;-0.001417
15;2020;400;277.050000;144379;277.048601;-0.000505
15;2021;399;276.650000;144226;276.649148;-0.000308
16;2012;916;259.010000;353657;259.008022;-0.000764
16;2013;926;261.970000;353482;261.965249;-0.001814
16;2014;924;261.130000;353853;261.125383;-0.001768
16;2015;931;263.280000;353613;263.282176;0.000826
16;2016;926;262.110000;353288;262.109101;-0.000343
16;2017;904;256.570000;352335;256.573999;0.001559
16;2018;901;256.130000;351778;256.127444;-0.000998
16;2019;901;255.960000;352015;255.955002;-0.001953
16;2020;889;252.760000;351718;252.759313;-0.000272
16;2021;888;253.090000;350867;253.087352;-0.001046
17;2012;1947;309.670000;628733;309.670401;0.000129
17;2013;1973;311.490000;633417;311.485167;-0.001552
17;2014;1952;306.390000;637089;306.393612;0.001179
17;2015;1975;308.620000;639938;308.623648;0.001182
17;2016;1988;309.570000;642191;309.565223;-0.001543
17;2017;1999;310.260000;644303;310.257751;-0.000725
17;2018;2006;310.080000;646932;310.078957;-0.000336
17;2019;2035;312.420000;651358;312.424197;0.001343
17;2020;2083;317.670000;655709;317.671406;0.000443
17;2021;2100;317.510000;661404;317.506395;-0.001135
18;2012;697;223.470000;311897;223.471210;0.000541
18;2013;706;226.540000;311650;226.536178;-0.001687
18;2014;681;219.490000;310270;219.486254;-0.001707
18;2015;665;215.220000;308992;215.215928;-0.001892
18;2016;663;215.880000;307110;215.883560;0.001649
18;2017;653;214.620000;304256;214.621897;0.000884
18;2018;649;213.900000;303408;213.903391;0.001585
18;2019;655;216.670000;302306;216.667880;-0.000979
18;2020;638;212.010000;300933;212.007324;-0.001262
18;2021;624;208.300000;299573;208.296475;-0.001692
19;2012;695;288.090000;241247;288.086484;-0.001220
19;2013;705;292.800000;240781;292.797189;-0.000960
19;2014;691;286.320000;241340;286.318058;-0.000678
19;2015;700;289.410000;241871;289.410471;0.000163
19;2016;701;290.230000;241535;290.227089;-0.001003
19;2017;686;284.100000;241464;284.100321;0.000113
19;2018;675;280.570000;240583;280.568452;-0.000552
19;2019;659;274.500000;240073;274.499840;-0.000058
19;2020;679;283.870000;239190;283.874744;0.001671
19;2021;673;280.670000;239784;280.669269;-0.000260
21;2012;1927;365.380000;527403;365.375244;-0.001302
21;2013;1949;367.900000;529761;367.901752;0.000476
21;2014;1960;368.850000;531380;368.850916;0.000248
21;2015;1988;372.880000;533147;372.880275;0.000074
21;2016;2011;377.150000;533213;377.147594;-0.000638
21;2017;2055;384.960000;533819;384.961944;0.000505
21;2018;2079;389.900000;533220;389.895353;-0.001192
21;2019;2117;396.350000;534124;396.349911;-0.000022
21;2020;2136;399.190000;535078;399.194136;0.001036
21;2021;2153;402.050000;535503;402.051903;0.000473
22;2012;1621;272.190000;595531;272.194059;0.001491
22;2013;1615;270.480000;597085;270.480752;0.000278
22;2014;1595;266.990000;597397;266.991632;0.000611
22;2015;1599;267.230000;598357;267.231770;0.000662
22;2016;1598;266.800000;598953;266.798897;-0.000413
22;2017;1580;263.850000;598814;263.854886;0.001852
22;2018;1575;262.680000;599584;262.682126;0.000809
22;2019;1549;257.920000;600582;257.916488;-0.001362
22;2020;1550;256.780000;603640;256.775562;-0.001728
22;2021;1556;256.800000;605917;256.800849;0.000331
23;2012;306;251.820000;121517;251.816618;-0.001343
23;2013;318;263.090000;120872;263.088226;-0.000674
23;2014;327;271.190000;120581;271.187003;-0.001105
23;2015;330;274.170000;120365;274.166078;-0.001430
23;2016;315;263.590000;119502;263.593915;0.001485
23;2017;309;260.460000;118638;260.456178;-0.001468
23;2018;300;255.310000;117503;255.312630;0.001030
23;2019;292;250.390000;116617;250.392310;0.000923
23;2020;286;246.560000;115995;246.562352;0.000954
23;2021;289;249.780000;115702;249.779606;-0.000158
24;2012;997;239.440000;416384;239.442438;0.001018
24;2013;1002;240.340000;416909;240.340218;0.000091
24;2014;994;238.740000;416350;238.741443;0.000605
24;2015;989;238.070000;415417;238.074032;0.001693
24;2016;1002;241.570000;414789;241.568605;-0.000578
24;2017;993;240.080000;413606;240.083558;0.001482
24;2018;988;238.980000;413418;238.983305;0.001383
24;2019;990;239.580000;413223;239.580081;0.000034
24;2020;1006;243.700000;412807;243.697418;-0.001060
24;2021;989;239.040000;413730;239.044788;0.002003
25;2012;1898;357.400000;531062;357.397065;-0.000821
25;2013;1932;362.260000;533320;362.259056;-0.000260
25;2014;1921;359.260000;534710;359.260160;0.000044
25;2015;1955;364.090000;536959;364.087388;-0.000717
25;2016;1951;362.270000;538549;362.269728;-0.000075
25;2017;1960;363.590000;539067;363.591168;0.000321
25;2018;1910;352.750000;541454;352.753881;0.001100
25;2019;1931;354.980000;543974;354.980201;0.000057
25;2020;1940;355.830000;545209;355.826848;-0.000886
25;2021;1939;354.420000;547096;354.416775;-0.000910
26;2012;1476;300.410000;491334;300.406648;-0.001116
26;2013;1490;301.190000;494712;301.185336;-0.001548
26;2014;1480;296.500000;499159;296.498711;-0.000435
26;2015;1514;300.020000;504637;300.017636;-0.000788
26;2016;1519;299.010000;508006;299.012216;0.000741
26;2017;1567;306.320000;511553;306.322121;0.000692
26;2018;1556;302.290000;514732;302.293232;0.001069
26;2019;1525;295.110000;516762;295.106838;-0.001071
26;2020;1538;297.080000;517709;297.078088;-0.000644
26;2021;1544;297.230000;519458;297.232885;0.000971
27;2012;1061;179.340000;591616;179.339301;-0.000390
27;2013;1073;180.320000;595043;180.323103;0.001721
27;2014;1093;182.670000;598347;182.669922;-0.000043
27;2015;1093;181.580000;601948;181.577146;-0.001572
27;2016;1101;182.640000;602825;182.640070;0.000038
27;2017;1103;183.270000;601843;183.270388;0.000212
27;2018;1050;175.010000;599962;175.011084;0.000619
27;2019;1027;171.310000;599507;171.307424;-0.001504
27;2020;1060;176.760000;599668;176.764476;0.002532
27;2021;1034;172.640000;598934;172.640057;0.000033
28;2012;950;219.850000;432107;219.852953;0.001343
28;2013;947;218.720000;432967;218.723367;0.001539
28;2014;966;222.700000;433762;222.702772;0.001245
28;2015;949;218.650000;434035;218.645962;-0.001847
28;2016;935;215.470000;433929;215.473038;0.001410
28;2017;925;213.510000;433233;213.510974;0.000456
28;2018;911;210.880000;431997;210.881094;0.000519
28;2019;880;203.900000;431575;203.904304;0.002111
28;2020;864;200.260000;431443;200.258203;-0.000897
28;2021;846;196.160000;431277;196.161632;0.000832
29;2012;2954;327.750000;901293;327.751353;0.000413
29;2013;2974;329.010000;903921;329.011053;0.000320
29;2014;3042;335.820000;905855;335.815335;-0.001389
29;2015;3012;331.790000;907796;331.792605;0.000785
29;2016;3026;333.170000;908249;333.168547;-0.000436
29;2017;3066;337.280000;909028;337.283340;0.000990
29;2018;3095;339.460000;911735;339.462673;0.000787
29;2019;3133;342.370000;915090;342.370696;0.000203
29;2020;3254;354.780000;917179;354.783526;0.000994
29;2021;3271;354.910000;921638;354.911581;0.000446
2A;2012;470;323.180000;145429;323.181759;0.000544
2A;2013;478;320.300000;149234;320.302344;0.000732
2A;2014;469;309.260000;151652;309.260676;0.000219
2A;2015;474;310.350000;152730;310.351601;0.000516
2A;2016;487;315.610000;154303;315.612788;0.000883
2A;2017;509;323.690000;157249;323.690453;0.000140
2A;2018;518;328.150000;157853;328.153409;0.001039
2A;2019;542;341.940000;158507;341.940734;0.000215
2A;2020;544;338.280000;160814;338.279006;-0.000294
2A;2021;552;338.770000;162942;338.770851;0.000251
2B;2012;459;268.690000;170828;268.691315;0.000490
2B;2013;467;273.140000;170974;273.140945;0.000346
2B;2014;476;275.850000;172560;275.846083;-0.001420
2B;2015;491;281.290000;174553;281.289923;-0.000027
2B;2016;491;278.740000;176152;278.736546;-0.001239
2B;2017;493;277.450000;177689;277.451052;0.000379
2B;2018;507;280.570000;180701;280.573987;0.001421
2B;2019;503;276.480000;181933;276.475406;-0.001662
2B;2020;509;278.310000;182887;278.313932;0.001413
2B;2021;531;287.560000;184655;287.563294;0.001145
30;2012;2233;307.740000;725618;307.737680;-0.000754
30;2013;2264;308.780000;733201;308.782994;0.000970
30;2014;2290;311.130000;736029;311.129045;-0.000307
30;2015;2300;311.570000;738189;311.573323;0.001067
30;2016;2302;310.240000;742006;310.240079;0.000025
30;2017;2299;308.930000;744178;308.931465;0.000474
30;2018;2348;314.970000;745458;314.974150;0.001318
30;2019;2350;313.990000;748437;313.987684;-0.000738
30;2020;2393;318.450000;751457;318.448028;-0.000619
30;2021;2415;319.220000;756543;319.215167;-0.001514
31;2012;5297;414.040000;1279349;414.038702;-0.000313
31;2013;5346;411.690000;1298562;411.686157;-0.000933
31;2014;5472;415.280000;1317668;415.279114;-0.000213
31;2015;5627;421.470000;1335103;421.465610;-0.001042
31;2016;5634;417.900000;1348183;417.895790;-0.001007
31;2017;5709;418.960000;1362672;418.956286;-0.000887
31;2018;5795;419.720000;1380672;419.723149;0.000750
31;2019;5832;416.560000;1400039;416.559824;-0.000042
31;2020;5882;415.470000;1415757;415.466779;-0.000775
31;2021;5936;413.840000;1434367;413.841088;0.000263
32;2012;482;254.310000;189530;254.313301;0.001298
32;2013;485;254.890000;190276;254.892892;0.001135
32;2014;494;259.150000;190625;259.147541;-0.000949
32;2015;486;254.540000;190932;254.540884;0.000347
32;2016;478;250.700000;190664;250.702807;0.001120
32;2017;485;253.810000;191091;253.805778;-0.001663
32;2018;475;248.320000;191283;248.323165;0.001275
32;2019;488;254.990000;191377;254.994069;0.001596
32;2020;485;252.840000;191819;252.842523;0.000998
32;2021;507;263.460000;192437;263.462848;0.001081
33;2012;6071;409.180000;1483712;409.176444;-0.000869
33;2013;6096;404.910000;1505517;404.910738;0.000182
33;2014;6193;405.830000;1526016;405.827986;-0.000496
33;2015;6264;404.530000;1548478;404.526251;-0.000927
33;2016;6339;404.610000;1566679;404.613836;0.000948
33;2017;6447;407.170000;1583384;407.165918;-0.001003
33;2018;6650;415.150000;1601845;415.146284;-0.000895
33;2019;6777;417.370000;1623749;417.367463;-0.000608
33;2020;6909;422.210000;1636391;422.209606;-0.000093
33;2021;7044;425.630000;1654970;425.627051;-0.000693
34;2012;4623;429.000000;1077627;428.998160;-0.000429
34;2013;4692;429.540000;1092331;429.540130;0.000030
34;2014;4781;431.730000;1107398;431.732765;0.000640
34;2015;4844;432.430000;1120190;432.426642;-0.000777
34;2016;4888;431.620000;1132481;431.618720;-0.000296
34;2017;4988;435.670000;1144892;435.674282;0.000983
34;2018;5043;435.030000;1159220;435.033902;0.000897
34;2019;5096;433.470000;1175623;433.472295;0.000529
34;2020;5194;436.850000;1188973;436.847599;-0.000550
34;2021;5237;435.730000;1201883;435.732929;0.000672
35;2012;3275;324.930000;1007901;324.932707;0.000833
35;2013;3331;326.590000;1019923;326.593282;0.001005
35;2014;3376;327.060000;1032240;327.055723;-0.001308
35;2015;3458;331.580000;1042884;331.580502;0.000151
35;2016;3522;334.860000;1051779;334.861221;0.000365
35;2017;3540;333.900000;1060199;333.899579;-0.000126
35;2018;3630;339.500000;1069228;339.497282;-0.000801
35;2019;3651;338.210000;1079498;338.212762;0.000817
35;2020;3770;346.240000;1088855;346.235265;-0.001367
35;2021;3844;349.990000;1098325;349.987481;-0.000720
36;2012;486;212.510000;228692;212.512899;0.001364
36;2013;479;210.000000;228091;210.003902;0.001858
36;2014;475;210.010000;226175;210.014369;0.002081
36;2015;474;211.420000;224200;211.418376;-0.000768
36;2016;480;214.760000;223505;214.760296;0.000138
36;2017;468;210.590000;222232;210.590734;0.000349
36;2018;478;216.690000;220595;216.686688;-0.001528
36;2019;455;207.460000;219316;207.463204;0.001544
36;2020;449;205.300000;218707;205.297498;-0.001218
36;2021;455;209.460000;217228;209.457344;-0.001268
37;2012;2193;367.380000;596937;367.375452;-0.001238
37;2013;2208;367.850000;600252;367.845505;-0.001222
37;2014;2243;371.400000;603924;371.404349;0.001171
37;2015;2295;379.360000;604966;379.360162;0.000043
37;2016;2289;377.580000;606223;377.583826;0.001013
37;2017;2274;374.930000;606511;374.931370;0.000365
37;2018;2288;376.460000;607760;376.464394;0.001167
37;2019;2327;381.430000;610079;381.426012;-0.001046
37;2020;2367;386.690000;612119;386.689516;-0.000125
37;2021;2312;377.680000;612160;377.679038;-0.000255
38;2012;4032;329.140000;1224993;329.144738;0.001439
38;2013;4095;331.480000;1235387;331.475076;-0.001485
38;2014;4105;330.090000;1243597;330.090857;0.000260
38;2015;4119;329.240000;1251060;329.240804;0.000244
38;2016;4191;334.500000;1252912;334.500747;0.000223
38;2017;4187;332.640000;1258722;332.638978;-0.000307
38;2018;4316;341.570000;1263563;341.573788;0.001109
38;2019;4297;338.040000;1271166;338.036102;-0.001153
38;2020;4340;339.720000;1277513;339.722570;0.000757
38;2021;4391;341.730000;1284948;341.725891;-0.001202
39;2012;664;254.470000;260932;254.472430;0.000955
39;2013;664;254.890000;260502;254.892477;0.000972
39;2014;645;247.430000;260681;247.428850;-0.000465
39;2015;636;244.060000;260587;244.064362;0.001787
39;2016;644;247.200000;260517;247.200758;0.000307
39;2017;645;247.900000;260188;247.897674;-0.000938
39;2018;627;241.390000;259746;241.389665;-0.000139
39;2019;633;244.210000;259199;244.213905;0.001599
39;2020;662;255.800000;258798;255.797958;-0.000798
39;2021;655;253.330000;258555;253.331013;0.000400
40;2012;1091;277.690000;392884;277.690107;0.000039
40;2013;1095;275.660000;397226;275.661714;0.000622
40;2014;1111;277.420000;400477;277.419178;-0.000296
40;2015;1125;278.990000;403234;278.994331;0.001552
40;2016;1111;274.310000;405010;274.314214;0.001536
40;2017;1119;274.640000;407444;274.638969;-0.000375
40;2018;1133;276.100000;410355;276.102399;0.000869
40;2019;1156;279.440000;413690;279.436293;-0.001327
40;2020;1228;293.690000;418122;293.694185;0.001425
40;2021;1238;292.690000;422976;292.688001;-0.000683
41;2012;814;245.440000;331656;245.435029;-0.002025
41;2013;821;247.290000;332001;247.288412;-0.000642
41;2014;817;244.930000;333567;244.928305;-0.000692
41;2015;808;242.610000;333050;242.606215;-0.001560
41;2016;799;240.110000;332769;240.106500;-0.001458
41;2017;806;242.830000;331915;242.833256;0.001341
41;2018;802;242.850000;330248;242.847799;-0.000906
41;2019;787;238.870000;329470;238.868486;-0.000634
41;2020;779;236.520000;329357;236.521465;0.000619
41;2021;771;234.700000;328504;234.700339;0.000144
42;2012;2461;326.500000;753763;326.495198;-0.001471
42;2013;2511;331.830000;756715;331.829024;-0.000294
42;2014;2552;336.980000;757305;336.984438;0.001317
42;2015;2505;329.860000;759411;329.860905;0.000274
42;2016;2503;328.480000;761997;328.478984;-0.000309
42;2017;2455;321.780000;762941;321.781108;0.000344
42;2018;2486;325.630000;763441;325.630926;0.000284
42;2019;2506;327.310000;765634;327.310438;0.000134
42;2020;2544;331.030000;768508;331.031037;0.000313
42;2021;2523;328.080000;769029;328.076054;-0.001203
43;2012;471;208.700000;225686;208.697039;-0.001419
43;2013;470;207.780000;226203;207.777969;-0.000977
43;2014;479;211.420000;226565;211.418357;-0.000777
43;2015;486;214.060000;227034;214.064854;0.002267
43;2016;493;216.860000;227339;216.856765;-0.001492
43;2017;560;246.390000;227283;246.388863;-0.000461
43;2018;566;248.730000;227552;248.734355;0.001751
43;2019;574;252.230000;227570;252.230083;0.000033
43;2020;561;246.610000;227489;246.605330;-0.001894
43;2021;563;247.710000;227284;247.707714;-0.000923
44;2012;4312;328.330000;1313321;328.327956;-0.000622
44;2013;4359;328.080000;1328620;328.084780;0.001457
44;2014;4454;330.760000;1346592;330.760913;0.000276
44;2015;4548;333.130000;1365227;333.131413;0.000424
44;2016;4585;332.040000;1380852;332.041377;0.000415
44;2017;4652;333.500000;1394909;333.498458;-0.000462
44;2018;4726;334.580000;1412502;334.583597;0.001075
44;2019;4796;335.560000;1429272;335.555444;-0.001358
44;2020;4946;342.240000;1445171;342.243236;0.000946
44;2021;5079;348.400000;1457806;348.400267;0.000077
45;2012;1632;246.420000;662297;246.415128;-0.001977
45;2013;1628;244.600000;665587;244.596123;-0.001585
45;2014;1671;249.500000;669737;249.500923;0.000370
45;2015;1704;253.060000;673349;253.063419;0.001351
45;2016;1686;250.030000;674330;250.025952;-0.001619
45;2017;1687;248.780000;678105;248.781531;0.000615
45;2018;1649;242.910000;678845;242.912594;0.001068
45;2019;1594;234.260000;680434;234.262250;0.000961
45;2020;1587;232.590000;682304;232.594269;0.001835
45;2021;1583;231.240000;684561;231.243089;0.001336
46;2012;496;284.490000;174346;284.491758;0.000618
46;2013;487;280.270000;173758;280.274865;0.001736
46;2014;499;287.360000;173648;287.362941;0.001023
46;2015;498;287.200000;173400;287.197232;-0.000964
46;2016;498;287.290000;173347;287.285041;-0.001726
46;2017;487;280.160000;173828;280.161999;0.000714
46;2018;461;265.050000;173929;265.050682;0.000257
46;2019;466;267.670000;174094;267.671488;0.000556
46;2020;467;267.360000;174670;267.361310;0.000490
46;2021;469;268.090000;174942;268.088852;-0.000428
47;2012;861;259.240000;332119;259.244427;0.001708
47;2013;845;253.620000;333180;253.616664;-0.001315
47;2014;846;253.880000;333234;253.875655;-0.001711
47;2015;855;256.440000;333417;256.435635;-0.001702
47;2016;849;255.080000;332833;255.082879;0.001129
47;2017;838;251.770000;332842;251.771111;0.000441
47;2018;830;250.020000;331970;250.022592;0.001037
47;2019;820;247.530000;331271;247.531477;0.000597
47;2020;826;249.660000;330844;249.664494;0.001800
47;2021;823;248.470000;331229;248.468582;-0.000571
48;2012;191;248.410000;76889;248.410046;0.000018
48;2013;196;255.850000;76607;255.851293;0.000505
48;2014;193;252.750000;76360;252.750131;0.000052
48;2015;185;242.440000;76309;242.435361;-0.001913
48;2016;193;252.550000;76422;252.545079;-0.001949
48;2017;192;250.650000;76601;250.649469;-0.000212
48;2018;189;246.990000;76520;246.994250;0.001721
48;2019;189;246.720000;76604;246.723409;0.001382
48;2020;188;245.330000;76633;245.325121;-0.001989
48;2021;191;249.610000;76519;249.611208;0.000484
49;2012;2415;303.560000;795557;303.560901;0.000297
49;2013;2458;307.180000;800191;307.176662;-0.001087
49;2014;2465;305.870000;805888;305.873769;0.001232
49;2015;2530;312.270000;810186;312.273972;0.001272
49;2016;2570;316.920000;810934;316.918516;-0.000468
49;2017;2616;321.580000;813493;321.576215;-0.001177
49;2018;2623;321.490000;815883;321.492175;0.000676
49;2019;2617;319.820000;818273;319.819913;-0.000027
49;2020;2731;332.760000;820713;332.759442;-0.000168
49;2021;2777;336.710000;824743;336.710951;0.000282
50;2012;1242;248.730000;499340;248.728321;-0.000675
50;2013;1244;248.840000;499919;248.840312;0.000125
50;2014;1260;252.020000;499958;252.021170;0.000464
50;2015;1270;254.360000;499287;254.362721;0.001070
50;2016;1284;257.640000;498362;257.644042;0.001569
50;2017;1267;254.990000;496883;254.989605;-0.000155
50;2018;1250;252.020000;495983;252.024767;0.001892
50;2019;1235;249.470000;495045;249.472270;0.000910
50;2020;1253;253.080000;495093;253.083764;0.001487
50;2021;1226;247.420000;495508;247.422847;0.001151
51;2012;1910;335.820000;568750;335.824176;0.001243
51;2013;1896;332.630000;569999;332.632163;0.000650
51;2014;1928;337.760000;570817;337.761489;0.000441
51;2015;1936;338.290000;572293;338.288254;-0.000516
51;2016;1924;337.020000;570883;337.021772;0.000526
51;2017;1920;337.500000;568895;337.496375;-0.001074
51;2018;1910;336.590000;567462;336.586415;-0.001065
51;2019;1947;343.470000;566855;343.474081;0.001188
51;2020;2007;354.180000;566659;354.181262;0.000356
51;2021;2010;355.570000;565292;355.568450;-0.000436
52;2012;458;251.460000;182136;251.460447;0.000178
52;2013;458;252.310000;181521;252.312405;0.000953
52;2014;474;262.350000;180673;262.352427;0.000925
52;2015;468;261.230000;179154;261.227771;-0.000853
52;2016;462;259.430000;178084;259.428135;-0.000719
52;2017;442;251.650000;175640;251.651105;0.000439
52;2018;439;252.200000;174069;252.198841;-0.000460
52;2019;426;246.940000;172512;246.939343;-0.000266
52;2020;422;245.640000;171798;245.637318;-0.001092
52;2021;422;246.720000;171042;246.723027;0.001227
53;2012;619;201.330000;307453;201.331586;0.000788
53;2013;617;200.650000;307500;200.650407;0.000203
53;2014;625;203.270000;307471;203.271203;0.000592
53;2015;625;202.960000;307940;202.961616;0.000796
53;2016;612;198.900000;307688;198.902785;0.001400
53;2017;617;200.690000;307445;200.686302;-0.001843
53;2018;629;204.830000;307084;204.829949;-0.000025
53;2019;612;199.310000;307062;199.308283;-0.000861
53;2020;605;197.370000;306538;197.365416;-0.002322
53;2021;607;198.410000;305933;198.409456;-0.000274
54;2012;2937;400.540000;733266;400.536777;-0.000805
54;2013;2954;404.100000;731004;404.101756;0.000435
54;2014;2937;401.150000;732153;401.145662;-0.001081
54;2015;2964;403.590000;734403;403.593123;0.000774
54;2016;2952;402.280000;733821;402.277940;-0.000512
54;2017;2943;401.240000;733481;401.237387;-0.000651
54;2018;2907;396.340000;733469;396.335769;-0.001068
54;2019;2893;394.270000;733760;394.270606;0.000154
54;2020;2921;398.720000;732590;398.722341;0.000587
54;2021;2973;405.880000;732486;405.878065;-0.000477
55;2012;420;217.840000;192800;217.842324;0.001067
55;2013;430;223.850000;192094;223.848741;-0.000563
55;2014;435;227.120000;191530;227.118467;-0.000675
55;2015;432;226.620000;190626;226.621762;0.000778
55;2016;443;234.320000;189055;234.323345;0.001428
55;2017;434;231.850000;187187;231.853708;0.001599
55;2018;419;226.050000;185355;226.052710;0.001199
55;2019;411;223.270000;184083;223.268852;-0.000514
55;2020;400;218.580000;183001;218.578041;-0.000896
55;2021;404;222.080000;181919;222.076858;-0.001415
56;2012;2090;285.370000;732372;285.374100;0.001437
56;2013;2117;286.940000;737778;286.942685;0.000936
56;2014;2145;289.450000;741051;289.453762;0.001300
56;2015;2183;293.090000;744813;293.093703;0.001263
56;2016;2200;294.300000;747548;294.295483;-0.001535
56;2017;2272;302.590000;750863;302.585159;-0.001600
56;2018;2289;303.230000;754867;303.232225;0.000734
56;2019;2321;305.520000;759684;305.521770;0.000579
56;2020;2360;308.840000;764161;308.835442;-0.001476
56;2021;2416;314.300000;768687;314.302180;0.000694
57;2012;2793;266.900000;1046468;266.897793;-0.000827
57;2013;2776;265.170000;1046873;265.170656;0.000247
57;2014;2766;264.650000;1045154;264.649994;-0.000002
57;2015;2818;269.800000;1044486;269.797776;-0.000824
57;2016;2780;265.960000;1045271;265.959737;-0.000099
57;2017;2822;270.430000;1043522;270.430331;0.000122
57;2018;2801;268.420000;1043524;268.417401;-0.000968
57;2019;2785;266.110000;1046543;266.114245;0.001595
57;2020;2780;264.980000;1049155;264.975147;-0.001832
57;2021;2759;262.780000;1049942;262.776420;-0.001362
58;2012;527;243.100000;216786;243.096879;-0.001284
58;2013;522;242.540000;215221;242.541388;0.000572
58;2014;516;241.610000;213569;241.608099;-0.000787
58;2015;522;246.520000;211747;246.520612;0.000248
58;2016;502;240.010000;209161;240.006502;-0.001457
58;2017;489;236.020000;207182;236.024365;0.001849
58;2018;480;233.200000;205828;233.204423;0.001897
58;2019;477;233.310000;204452;233.306595;-0.001459
58;2020;465;229.440000;202670;229.437016;-0.001301
58;2021;459;226.760000;202417;226.759610;-0.000172
59;2012;8534;329.860000;2587128;329.863849;0.001167
59;2013;8672;334.110000;2595536;334.112106;0.000630
59;2014;8805;338.200000;2603472;338.202216;0.000655
59;2015;8963;344.040000;2605238;344.037666;-0.000679
59;2016;9025;346.620000;2603723;346.619053;-0.000273
59;2017;9101;349.450000;2604361;349.452322;0.000665
59;2018;9160;351.460000;2606234;351.464987;0.001419
59;2019;9150;350.800000;2608346;350.797018;-0.000850
59;2020;9285;356.050000;2607746;356.054616;0.001296
59;2021;9308;356.450000;2611293;356.451765;0.000495
60;2012;1818;224.360000;810300;224.361348;0.000601
60;2013;1810;221.980000;815400;221.976944;-0.001377
60;2014;1791;218.770000;818680;218.766795;-0.001465
60;2015;1815;220.920000;821552;220.923326;0.001505
60;2016;1833;222.580000;823542;222.575169;-0.002170
60;2017;1827;221.590000;824503;221.588035;-0.000887
60;2018;1788;216.160000;827153;216.163152;0.001458
60;2019;1768;213.160000;829419;213.161261;0.000592
60;2020;1751;211.040000;829699;211.040389;0.000184
60;2021;1727;208.360000;828838;208.363999;0.001919
61;2012;664;228.950000;290015;228.953675;0.001605
61;2013;657;227.460000;288848;227.455271;-0.002079
61;2014;678;235.620000;287750;235.621199;0.000509
61;2015;688;240.040000;286618;240.040751;0.000313
61;2016;692;242.540000;285308;242.544899;0.002020
61;2017;697;245.970000;283372;245.966433;-0.001450
61;2018;688;244.320000;281593;244.324255;0.001742
61;2019;651;232.550000;279942;232.548171;-0.000787
61;2020;638;229.100000;278475;229.104947;0.002159
61;2021;645;232.870000;276973;232.874685;0.002012
62;2012;3703;253.000000;1463628;253.001446;0.000571
62;2013;3722;254.030000;1465205;254.025887;-0.001619
62;2014;3712;252.070000;1472589;252.073050;0.001210
62;2015;3794;257.630000;1472648;257.631152;0.000447
62;2016;3767;256.130000;1470725;256.132180;0.000851
62;2017;3766;256.540000;1468018;256.536364;-0.001417
62;2018;3773;257.240000;1466743;257.236612;-0.001317
62;2019;3746;255.650000;1465278;255.651146;0.000448
62;2020;3769;257.770000;1462167;257.768094;-0.000740
62;2021;3742;256.050000;1461441;256.048653;-0.000526
63;2012;2263;354.650000;638092;354.651053;0.000297
63;2013;2265;353.350000;640999;353.354685;0.001326
63;2014;2303;357.490000;644216;357.488793;-0.000338
63;2015;2311;356.910000;647501;356.910646;0.000181
63;2016;2347;360.690000;650700;360.688489;-0.000419
63;2017;2344;358.550000;653742;358.551233;0.000344
63;2018;2363;358.550000;659048;358.547481;-0.000703
63;2019;2394;361.550000;662152;361.548406;-0.000441
63;2020;2439;368.510000;661852;368.511389;0.000377
63;2021;2460;371.440000;662285;371.441298;0.000349
64;2012;2428;367.390000;660871;367.393939;0.001072
64;2013;2465;371.200000;664057;371.203074;0.000828
64;2014;2488;372.870000;667249;372.874294;0.001152
64;2015;2452;365.950000;670032;365.952671;0.000730
64;2016;2513;372.860000;673986;372.856409;-0.000963
64;2017;2527;373.090000;677309;373.094112;0.001102
64;2018;2585;380.250000;679810;380.253306;0.000869
64;2019;2633;385.720000;682621;385.719162;-0.000217
64;2020;2677;389.530000;687240;389.529131;-0.000223
64;2021;2777;400.710000;693027;400.705889;-0.001026
65;2012;809;353.500000;228854;353.500485;0.000137
65;2013;840;367.020000;228868;367.023787;0.001032
65;2014;826;360.780000;228950;360.777462;-0.000703
65;2015;813;355.670000;228582;355.671050;0.000295
65;2016;808;354.650000;227829;354.651954;0.000551
65;2017;795;347.880000;228530;347.875552;-0.001278
65;2018;788;343.820000;229191;343.818038;-0.000571
65;2019;783;341.080000;229567;341.076897;-0.000910
65;2020;786;342.050000;229788;342.054415;0.001291
65;2021;790;342.060000;230956;342.056496;-0.001024
66;2012;1548;338.140000;457793;338.144096;0.001211
66;2013;1563;337.800000;462705;337.796220;-0.001119
66;2014;1589;340.750000;466327;340.748016;-0.000582
66;2015;1607;341.160000;471038;341.161435;0.000421
66;2016;1644;346.570000;474369;346.565648;-0.001256
66;2017;1623;342.080000;474452;342.078862;-0.000333
66;2018;1628;341.760000;476357;341.760486;0.000142
66;2019;1606;334.600000;479979;334.597972;-0.000606
66;2020;1725;357.320000;482765;357.316707;-0.000922
66;2021;1637;335.930000;487307;335.927865;-0.000636
67;2012;4218;381.830000;1104667;381.834526;0.001185
67;2013;4258;383.790000;1109460;383.790312;0.000081
67;2014;4317;387.940000;1112815;387.935102;-0.001263
67;2015;4370;391.350000;1116658;391.346321;-0.000940
67;2016;4441;396.020000;1121407;396.020357;0.000090
67;2017;4469;397.050000;1125559;397.047156;-0.000716
67;2018;4506;397.510000;1133552;397.511539;0.000387
67;2019;4549;399.020000;1140057;399.015137;-0.001219
67;2020;4578;398.760000;1148073;398.755131;-0.001221
67;2021;4639;402.460000;1152662;402.459698;-0.000075
68;2012;2235;295.950000;755202;295.947309;-0.000909
68;2013;2224;293.120000;758723;293.124105;0.001400
68;2014;2212;291.000000;760134;291.001323;0.000455
68;2015;2247;294.650000;762607;294.647177;-0.000958
68;2016;2276;298.400000;762743;298.396708;-0.001103
68;2017;2286;299.200000;764030;299.202911;0.000973
68;2018;2289;299.220000;764981;299.223118;0.001042
68;2019;2318;302.180000;767086;302.182545;0.000842
68;2020;2343;305.140000;767842;305.140901;0.000295
68;2021;2347;305.960000;767083;305.964283;0.001400
69;2012;7595;430.830000;1762866;430.832519;0.000585
69;2013;7615;427.850000;1779845;427.846245;-0.000878
69;2014;7766;430.990000;1801885;430.993099;0.000719
69;2015;7802;428.210000;1821995;428.211933;0.000451
69;2016;8030;437.390000;1835903;437.386943;-0.000699
69;2017;8102;439.530000;1843319;439.533255;0.000741
69;2018;8274;444.950000;1859524;444.952579;0.000580
69;2019;8344;444.840000;1875747;444.836111;-0.000874
69;2020;8515;452.100000;1883437;452.099008;-0.000219
69;2021;8553;451.660000;1893692;451.657397;-0.000576
70;2012;560;233.580000;239750;233.576642;-0.001437
70;2013;566;236.860000;238956;236.863690;0.001558
70;2014;557;233.690000;238347;233.692893;0.001238
70;2015;563;236.850000;237706;236.847198;-0.001183
70;2016;555;233.940000;237242;233.938341;-0.000709
70;2017;536;226.490000;236659;226.486210;-0.001673
70;2018;551;233.460000;236018;233.456770;-0.001383
70;2019;544;231.180000;235313;231.181448;0.000626
70;2020;543;231.460000;234601;231.456814;-0.001377
70;2021;539;230.050000;234296;230.050876;0.000381
71;2012;1403;252.780000;555039;252.775030;-0.001966
71;2013;1423;255.830000;556222;255.833103;0.001213
71;2014;1444;259.810000;555788;259.811295;0.000498
71;2015;1431;257.650000;555408;257.648431;-0.000609
71;2016;1443;259.990000;555023;259.989226;-0.000298
71;2017;1445;261.020000;553595;261.021144;0.000438
71;2018;1438;260.420000;552185;260.419968;-0.000012
71;2019;1435;260.200000;551493;260.202759;0.001060
71;2020;1470;266.760000;551063;266.757158;-0.001065
71;2021;1472;267.980000;549288;267.983280;0.001224
72;2012;1285;226.480000;567382;226.478810;-0.000526
72;2013;1311;230.390000;569035;230.390046;0.000020
72;2014;1323;232.610000;568760;232.611295;0.000557
72;2015;1342;236.080000;568445;236.082647;0.001121
72;2016;1321;232.750000;567561;232.750312;0.000134
72;2017;1326;234.070000;566506;234.066365;-0.001553
72;2018;1307;230.930000;565963;230.933824;0.001656
72;2019;1316;232.340000;566412;232.339710;-0.000125
72;2020;1308;230.690000;566993;230.690679;0.000294
72;2021;1297;229.130000;566058;229.128464;-0.000670
73;2012;1390;330.080000;421105;330.083946;0.001195
73;2013;1417;334.420000;423715;334.422902;0.000868
73;2014;1456;341.040000;426924;341.044308;0.001263
73;2015;1496;349.370000;428204;349.366190;-0.001091
73;2016;1522;354.220000;429681;354.216267;-0.001054
73;2017;1543;357.860000;431174;357.860168;0.000047
73;2018;1583;364.980000;433724;364.978650;-0.000370
73;2019;1619;370.960000;436434;370.961016;0.000274
73;2020;1645;374.080000;439750;374.076180;-0.001021
73;2021;1698;383.760000;442468;383.756565;-0.000895
74;2012;2192;289.760000;756501;289.755070;-0.001702
74;2013;2229;289.600000;769677;289.602002;0.000691
74;2014;2285;291.780000;783127;291.778983;-0.000348
74;2015;2329;293.350000;793938;293.347843;-0.000735
74;2016;2371;295.850000;801416;295.851343;0.000454
74;2017;2429;300.860000;807360;300.857115;-0.000959
74;2018;2469;302.310000;816699;302.314561;0.001509
74;2019;2485;300.810000;826094;300.813225;0.001072
74;2020;2539;304.000000;835206;303.996858;-0.001033
74;2021;2618;311.120000;841482;311.117766;-0.000718
75;2012;17909;799.290000;2240621;799.287340;-0.000333
75;2013;17956;805.340000;2229621;805.338665;-0.000166
75;2014;18119;816.010000;2220445;816.007602;-0.000294
75;2015;18219;825.700000;2206488;825.701295;0.000157
75;2016;18268;834.030000;2190327;834.030718;0.000086
75;2017;18731;856.260000;2187526;856.264108;0.000480
75;2018;18875;867.580000;2175601;867.576362;-0.000419
75;2019;18756;866.160000;2165423;866.158714;-0.000149
75;2020;18988;884.850000;2145906;884.847705;-0.000259
75;2021;19073;894.140000;2133111;894.140061;0.000007
76;2012;3955;315.410000;1253931;315.408105;-0.000601
76;2013;3978;317.070000;1254609;317.070896;0.000283
76;2014;4007;318.540000;1257920;318.541720;0.000540
76;2015;4031;320.510000;1257699;320.505940;-0.001267
76;2016;4063;323.550000;1255755;323.550374;0.000116
76;2017;4072;324.620000;1254378;324.623040;0.000937
76;2018;4076;324.550000;1255883;324.552526;0.000778
76;2019;4066;323.820000;1255633;323.820734;0.000227
76;2020;4074;324.690000;1254739;324.689039;-0.000296
76;2021;4099;326.370000;1255918;326.374811;0.001474
77;2012;3035;224.160000;1353946;224.159605;-0.000176
77;2013;3024;221.510000;1365200;221.506006;-0.001803
77;2014;3020;219.180000;1377846;219.182695;0.001230
77;2015;3019;217.180000;1390121;217.175339;-0.002146
77;2016;3049;218.150000;1397665;218.149557;-0.000203
77;2017;2976;211.970000;1403997;211.966265;-0.001762
77;2018;2933;207.640000;1412516;207.643666;0.001765
77;2019;2895;203.700000;1421197;203.701528;0.000750
77;2020;2892;202.430000;1428636;202.430850;0.000420
77;2021;2857;198.660000;1438100;198.664905;0.002469
78;2012;4413;312.460000;1412356;312.456633;-0.001078
78;2013;4319;304.480000;1418484;304.479994;-0.000002
78;2014;4297;302.250000;1421670;302.250171;0.000056
78;2015;4196;293.980000;1427291;293.983497;0.001190
78;2016;4156;290.260000;1431808;290.262382;0.000820
78;2017;4103;285.270000;1438266;285.274073;0.001428
78;2018;4061;281.740000;1441398;281.740366;0.000130
78;2019;4055;280.000000;1448207;280.001409;0.000503
78;2020;4034;278.260000;1449723;278.260054;0.000019
78;2021;3996;274.380000;1456365;274.381766;0.000643
79;2012;878;236.290000;371583;236.286375;-0.001534
79;2013;884;237.870000;371632;237.869721;-0.000117
79;2014;881;235.840000;373553;235.843374;0.001431
79;2015;874;233.420000;374435;233.418350;-0.000707
79;2016;887;236.700000;374743;236.695549;-0.001881
79;2017;878;234.540000;374351;234.539243;-0.000323
79;2018;870;232.120000;374799;232.124419;0.001904
79;2019;869;231.810000;374878;231.808748;-0.000540
79;2020;865;230.990000;374481;230.986352;-0.001579
79;2021;851;227.180000;374587;227.183538;0.001557
80;2012;1795;314.280000;571154;314.276010;-0.001270
80;2013;1859;325.180000;571675;325.184764;0.001465
80;2014;1922;336.230000;571632;336.230302;0.000090
80;2015;1950;340.980000;571879;340.981222;0.000358
80;2016;1968;343.610000;572744;343.609012;-0.000288
80;2017;1993;348.160000;572443;348.156934;-0.000881
80;2018;2027;355.200000;570662;355.201503;0.000423
80;2019;2059;360.870000;570559;360.874160;0.001153
80;2020;2066;363.250000;568748;363.254025;0.001108
80;2021;2066;364.860000;566252;364.855223;-0.001309
81;2012;1169;308.490000;378947;308.486411;-0.001163
81;2013;1165;305.030000;381927;305.032113;0.000693
81;2014;1144;297.550000;384474;297.549379;-0.000209
81;2015;1142;295.440000;386543;295.439317;-0.000231
81;2016;1150;297.580000;386448;297.582081;0.000699
81;2017;1149;296.220000;387890;296.218000;-0.000675
81;2018;1176;302.630000;388596;302.627922;-0.000687
81;2019;1157;296.790000;389844;296.785381;-0.001556
81;2020;1151;294.320000;391066;294.323720;0.001264
81;2021;1162;295.240000;393572;295.244580;0.001551
82;2012;629;254.690000;246971;254.685773;-0.001660
82;2013;638;254.850000;250342;254.851363;0.000535
82;2014;653;258.530000;252578;258.533997;0.001546
82;2015;656;256.980000;255274;256.978776;-0.000476
82;2016;681;265.090000;256897;265.086786;-0.001213
82;2017;680;263.210000;258349;263.209844;-0.000059
82;2018;669;258.180000;259124;258.177552;-0.000948
82;2019;660;253.190000;260669;253.194664;0.001842
82;2020;676;257.700000;262316;257.704448;0.001726
82;2021;668;253.630000;263377;253.628829;-0.000462
83;2012;3439;336.610000;1021669;336.606083;-0.001164
83;2013;3472;337.550000;1028583;337.551758;0.000521
83;2014;3533;340.300000;1038212;340.296587;-0.001003
83;2015;3488;332.620000;1048652;332.617494;-0.000754
83;2016;3511;332.540000;1055821;332.537428;-0.000773
83;2017;3530;333.420000;1058740;333.415192;-0.001442
83;2018;3564;333.800000;1067697;333.802568;0.000769
83;2019;3579;332.400000;1076711;332.401174;0.000353
83;2020;3576;329.530000;1085189;329.527852;-0.000652
83;2021;3563;325.290000;1095337;325.288016;-0.000610
84;2012;1847;338.080000;546314;338.083959;0.001171
84;2013;1850;336.390000;549949;336.394829;0.001436
84;2014;1859;335.330000;554374;335.333187;0.000950
84;2015;1838;329.660000;557548;329.657716;-0.000693
84;2016;1848;330.580000;559014;330.582061;0.000623
84;2017;1853;331.200000;559479;331.200992;0.000300
84;2018;1851;330.660000;559793;330.657940;-0.000623
84;2019;1822;324.510000;561469;324.505894;-0.001265
84;2020;1819;323.700000;561941;323.699463;-0.000166
84;2021;1805;319.710000;564566;319.714613;0.001443
85;2012;1405;216.520000;648901;216.519931;-0.000032
85;2013;1430;218.150000;655506;218.152084;0.000955
85;2014;1455;219.750000;662122;219.748022;-0.000900
85;2015;1455;218.230000;666714;218.234505;0.002064
85;2016;1455;216.970000;670597;216.970848;0.000391
85;2017;1477;218.730000;675247;218.734774;0.002183
85;2018;1526;224.410000;679991;224.414735;0.002110
85;2019;1555;226.860000;685442;226.860916;0.000404
85;2020;1582;228.380000;692705;228.380046;0.000020
85;2021;1557;222.600000;699459;222.600610;0.000274
86;2012;1451;337.430000;430018;337.427736;-0.000671
86;2013;1464;339.480000;431248;339.479835;-0.000049
86;2014;1495;345.100000;433203;345.103797;0.001100
86;2015;1492;343.080000;434887;343.077627;-0.000692
86;2016;1516;347.650000;436069;347.651404;0.000404
86;2017;1538;352.040000;436876;352.044974;0.001413
86;2018;1541;352.160000;437586;352.159347;-0.000185
86;2019;1550;353.530000;438435;353.530170;0.000048
86;2020;1584;360.550000;439332;360.547376;-0.000728
86;2021;1554;353.680000;439385;353.676161;-0.001085
87;2012;1488;395.880000;375869;395.882608;0.000659
87;2013;1491;396.690000;375856;396.694479;0.001129
87;2014;1496;397.660000;376199;397.661876;0.000472
87;2015;1481;394.100000;375795;394.097846;-0.000547
87;2016;1469;391.760000;374978;391.756316;-0.000940
87;2017;1479;395.000000;374426;395.004620;0.001170
87;2018;1490;399.250000;373199;399.250802;0.000201
87;2019;1467;393.970000;372359;393.974632;0.001176
87;2020;1488;399.870000;372123;399.867786;-0.000554
87;2021;1437;386.610000;371691;386.611460;0.000378
88;2012;936;248.090000;377282;248.090288;0.000116
88;2013;946;252.110000;375226;252.114726;0.001874
88;2014;953;255.110000;373560;255.112967;0.001163
88;2015;943;253.480000;372016;253.483721;0.001468
88;2016;950;257.010000;369641;257.006122;-0.001509
88;2017;922;250.770000;367673;250.766306;-0.001473
88;2018;945;258.120000;366112;258.117734;-0.000878
88;2019;916;251.300000;364499;251.303844;0.001530
88;2020;923;254.690000;362397;254.693058;0.001201
88;2021;882;244.540000;360673;244.542841;0.001162
89;2012;817;238.960000;341902;238.957362;-0.001104
89;2013;827;242.180000;341483;242.178966;-0.000427
89;2014;819;239.600000;341814;239.603995;0.001667
89;2015;800;234.670000;340903;234.670859;0.000366
89;2016;784;230.220000;340544;230.219883;-0.000051
89;2017;781;230.870000;338291;230.866325;-0.001592
89;2018;763;226.070000;337504;226.071395;0.000617
89;2019;736;219.240000;335707;219.238801;-0.000547
89;2020;739;221.150000;334156;221.154191;0.001895
89;2021;734;220.170000;333385;220.165874;-0.001874
90;2012;406;282.060000;143940;282.061970;0.000699
90;2013;403;279.240000;144318;279.244446;0.001592
90;2014;401;277.830000;144334;277.827816;-0.000786
90;2015;416;287.920000;144483;287.923147;0.001093
90;2016;428;297.040000;144089;297.038636;-0.000459
90;2017;442;309.910000;142622;309.910112;0.000036
90;2018;487;343.320000;141852;343.315568;-0.001291
90;2019;472;334.000000;141318;333.998500;-0.000449
90;2020;510;363.970000;140120;363.973737;0.001027
90;2021;502;359.460000;139654;359.459808;-0.000053
91;2012;3322;268.440000;1237507;268.442926;0.001090
91;2013;3339;266.280000;1253931;266.282594;0.000974
91;2014;3349;264.070000;1268228;264.069237;-0.000289
91;2015;3331;261.000000;1276233;261.002497;0.000957
91;2016;3299;256.270000;1287330;256.266847;-0.001230
91;2017;3233;249.430000;1296130;249.434856;0.001947
91;2018;3218;248.180000;1296641;248.179720;-0.000113
91;2019;3171;243.610000;1301659;243.612190;0.000899
91;2020;3156;241.630000;1306118;241.632073;0.000858
91;2021;3171;241.370000;1313768;241.366817;-0.001319
92;2012;6445;406.260000;1586434;406.257052;-0.000726
92;2013;6587;413.910000;1591403;413.911498;0.000362
92;2014;6657;416.640000;1597770;416.643196;0.000767
92;2015;6604;412.350000;1601569;412.345644;-0.001056
92;2016;6662;415.530000;1603268;415.526288;-0.000893
92;2017;6589;409.430000;1609306;409.431146;0.000280
92;2018;6552;404.660000;1619120;404.664262;0.001053
92;2019;6547;403.050000;1624357;403.051792;0.000445
92;2020;6516;400.690000;1626213;400.685519;-0.001118
92;2021;6430;393.200000;1635291;393.202188;0.000557
93;2012;4265;277.180000;1538726;277.177353;-0.000955
93;2013;4307;277.430000;1552482;277.426727;-0.001180
93;2014;4304;273.960000;1571028;273.960744;0.000272
93;2015;4333;272.060000;1592663;272.060065;0.000024
93;2016;4353;270.930000;1606660;270.934734;0.001747
93;2017;4339;267.330000;1623111;267.326141;-0.001444
93;2018;4272;261.660000;1632677;261.656163;-0.001466
93;2019;4224;256.790000;1644903;256.793258;0.001269
93;2020;4167;251.720000;1655422;251.718293;-0.000678
93;2021;4095;245.410000;1668670;245.405023;-0.002028
94;2012;4814;358.760000;1341831;358.763510;0.000978
94;2013;4882;360.560000;1354005;360.559968;-0.000009
94;2014;5008;366.880000;1365039;366.875965;-0.001100
94;2015;5118;372.930000;1372389;372.926335;-0.000983
94;2016;5210;378.040000;1378151;378.042754;0.000729
94;2017;5332;384.170000;1387926;384.170338;0.000088
94;2018;5383;385.350000;1396913;385.349696;-0.000079
94;2019;5350;380.210000;1407124;380.208141;-0.000489
94;2020;5302;376.570000;1407972;376.569989;-0.000003
94;2021;5319;375.800000;1415367;375.803590;0.000955
95;2012;3108;261.820000;1187081;261.818696;-0.000498
95;2013;3131;262.080000;1194681;262.078329;-0.000638
95;2014;3107;257.730000;1205539;257.727042;-0.001148
95;2015;3110;255.880000;1215390;255.884942;0.001931
95;2016;3104;254.030000;1221923;254.025827;-0.001643
95;2017;3069;249.790000;1228618;249.792857;0.001144
95;2018;3042;245.600000;1238581;245.603638;0.001481
95;2019;2996;239.740000;1249674;239.742525;0.001053
95;2020;2927;233.820000;1251804;233.822547;0.001089
95;2021;2908;231.420000;1256607;231.416823;-0.001373
