dep_code;year;total_firm_creations;legal_form_sum;legal_form_diff;sector_sum;sector_diff;status
01;2012;4579;4579;0;4579;0;EXACT
01;2013;4595;4595;0;4595;0;EXACT
01;2014;4916;4916;0;4916;0;EXACT
01;2015;4435;4435;0;4435;0;EXACT
01;2016;4848;4848;0;4848;0;EXACT
01;2017;5052;5052;0;5052;0;EXACT
01;2018;5750;5750;0;5750;0;EXACT
01;2019;7084;7084;0;7084;0;EXACT
01;2020;7253;7253;0;7253;0;EXACT
01;2021;8164;8164;0;8164;0;EXACT
02;2012;2916;2916;0;2916;0;EXACT
02;2013;2888;2888;0;2888;0;EXACT
02;2014;2754;2754;0;2754;0;EXACT
02;2015;2640;2640;0;2640;0;EXACT
02;2016;2687;2687;0;2687;0;EXACT
02;2017;3038;3038;0;3038;0;EXACT
02;2018;3173;3173;0;3173;0;EXACT
02;2019;3572;3572;0;3572;0;EXACT
02;2020;3753;3753;0;3753;0;EXACT
02;2021;4525;4525;0;4525;0;EXACT
03;2012;2077;2077;0;2077;0;EXACT
03;2013;2142;2142;0;2142;0;EXACT
03;2014;2081;2081;0;2081;0;EXACT
03;2015;1933;1933;0;1933;0;EXACT
03;2016;1894;1894;0;1894;0;EXACT
03;2017;2020;2020;0;2020;0;EXACT
03;2018;2096;2096;0;2096;0;EXACT
03;2019;2375;2375;0;2375;0;EXACT
03;2020;2533;2533;0;2533;0;EXACT
03;2021;3151;3151;0;3151;0;EXACT
04;2012;1713;1713;0;1713;0;EXACT
04;2013;1638;1638;0;1638;0;EXACT
04;2014;1671;1671;0;1671;0;EXACT
04;2015;1632;1632;0;1632;0;EXACT
04;2016;1524;1524;0;1524;0;EXACT
04;2017;1590;1590;0;1590;0;EXACT
04;2018;1751;1751;0;1751;0;EXACT
04;2019;2064;2064;0;2064;0;EXACT
04;2020;2014;2014;0;2014;0;EXACT
04;2021;2498;2498;0;2498;0;EXACT
05;2012;1530;1530;0;1530;0;EXACT
05;2013;1568;1568;0;1568;0;EXACT
05;2014;1569;1569;0;1569;0;EXACT
05;2015;1454;1454;0;1454;0;EXACT
05;2016;1454;1454;0;1454;0;EXACT
05;2017;1517;1517;0;1517;0;EXACT
05;2018;1683;1683;0;1683;0;EXACT
05;2019;1896;1896;0;1896;0;EXACT
05;2020;1911;1911;0;1911;0;EXACT
05;2021;2242;2242;0;2242;0;EXACT
06;2012;16969;16969;0;16969;0;EXACT
06;2013;15992;15992;0;15992;0;EXACT
06;2014;15776;15776;0;15776;0;EXACT
06;2015;15483;15483;0;15483;0;EXACT
06;2016;16105;16105;0;16105;0;EXACT
06;2017;16818;16818;0;16818;0;EXACT
06;2018;19049;19049;0;19049;0;EXACT
06;2019;21608;21608;0;21608;0;EXACT
06;2020;22544;22544;0;22544;0;EXACT
06;2021;26771;26771;0;26771;0;EXACT
07;2012;2696;2696;0;2696;0;EXACT
07;2013;2694;2694;0;2694;0;EXACT
07;2014;2820;2820;0;2820;0;EXACT
07;2015;2521;2521;0;2521;0;EXACT
07;2016;2581;2581;0;2581;0;EXACT
07;2017;2704;2704;0;2704;0;EXACT
07;2018;2977;2977;0;2977;0;EXACT
07;2019;3321;3321;0;3321;0;EXACT
07;2020;3387;3387;0;3387;0;EXACT
07;2021;4080;4080;0;4080;0;EXACT
08;2012;1580;1580;0;1580;0;EXACT
08;2013;1836;1836;0;1836;0;EXACT
08;2014;1698;1698;0;1698;0;EXACT
08;2015;1360;1360;0;1360;0;EXACT
08;2016;1514;1514;0;1514;0;EXACT
08;2017;1679;1679;0;1679;0;EXACT
08;2018;1640;1640;0;1640;0;EXACT
08;2019;1921;1921;0;1921;0;EXACT
08;2020;2096;2096;0;2096;0;EXACT
08;2021;2354;2354;0;2354;0;EXACT
09;2012;1503;1503;0;1503;0;EXACT
09;2013;1404;1404;0;1404;0;EXACT
09;2014;1468;1468;0;1468;0;EXACT
09;2015;1245;1245;0;1245;0;EXACT
09;2016;1249;1249;0;1249;0;EXACT
09;2017;1364;1364;0;1364;0;EXACT
09;2018;1517;1517;0;1517;0;EXACT
09;2019;1663;1663;0;1663;0;EXACT
09;2020;1778;1778;0;1778;0;EXACT
09;2021;2059;2059;0;2059;0;EXACT
10;2012;1954;1954;0;1954;0;EXACT
10;2013;1936;1936;0;1936;0;EXACT
10;2014;2048;2048;0;2048;0;EXACT
10;2015;1730;1730;0;1730;0;EXACT
10;2016;1778;1778;0;1778;0;EXACT
10;2017;1953;1953;0;1953;0;EXACT
10;2018;2374;2374;0;2374;0;EXACT
10;2019;2708;2708;0;2708;0;EXACT
10;2020;2975;2975;0;2975;0;EXACT
10;2021;3623;3623;0;3623;0;EXACT
11;2012;3523;3523;0;3523;0;EXACT
11;2013;3528;3528;0;3528;0;EXACT
11;2014;3433;3433;0;3433;0;EXACT
11;2015;3278;3278;0;3278;0;EXACT
11;2016;3429;3429;0;3429;0;EXACT
11;2017;3481;3481;0;3481;0;EXACT
11;2018;3740;3740;0;3740;0;EXACT
11;2019;4285;4285;0;4285;0;EXACT
11;2020;4266;4266;0;4266;0;EXACT
11;2021;5087;5087;0;5087;0;EXACT
12;2012;1913;1913;0;1913;0;EXACT
12;2013;1858;1858;0;1858;0;EXACT
12;2014;1888;1888;0;1888;0;EXACT
12;2015;1695;1695;0;1695;0;EXACT
12;2016;1806;1806;0;1806;0;EXACT
12;2017;1875;1875;0;1875;0;EXACT
12;2018;2051;2051;0;2051;0;EXACT
12;2019;2414;2414;0;2414;0;EXACT
12;2020;2647;2647;0;2647;0;EXACT
12;2021;3074;3074;0;3074;0;EXACT
13;2012;22307;22307;0;22307;0;EXACT
13;2013;21881;21881;0;21881;0;EXACT
13;2014;21508;21508;0;21508;0;EXACT
13;2015;20970;20970;0;20970;0;EXACT
13;2016;22190;22190;0;22190;0;EXACT
13;2017;24407;24407;0;24407;0;EXACT
13;2018;28923;28923;0;28923;0;EXACT
13;2019;33354;33354;0;33354;0;EXACT
13;2020;34370;34370;0;34370;0;EXACT
13;2021;44107;44107;0;44107;0;EXACT
14;2012;5249;5249;0;5249;0;EXACT
14;2013;5015;5015;0;5015;0;EXACT
14;2014;5223;5223;0;5223;0;EXACT
14;2015;4861;4861;0;4861;0;EXACT
14;2016;4960;4960;0;4960;0;EXACT
14;2017;5414;5414;0;5414;0;EXACT
14;2018;6287;6287;0;6287;0;EXACT
14;2019;7554;7554;0;7554;0;EXACT
14;2020;7814;7814;0;7814;0;EXACT
14;2021;9244;9244;0;9244;0;EXACT
15;2012;773;773;0;773;0;EXACT
15;2013;739;739;0;739;0;EXACT
15;2014;782;782;0;782;0;EXACT
15;2015;778;778;0;778;0;EXACT
15;2016;718;718;0;718;0;EXACT
15;2017;751;751;0;751;0;EXACT
15;2018;819;819;0;819;0;EXACT
15;2019;900;900;0;900;0;EXACT
15;2020;945;945;0;945;0;EXACT
15;2021;1167;1167;0;1167;0;EXACT
16;2012;2409;2409;0;2409;0;EXACT
16;2013;2551;2551;0;2551;0;EXACT
16;2014;2467;2467;0;2467;0;EXACT
16;2015;2300;2300;0;2300;0;EXACT
16;2016;2184;2184;0;2184;0;EXACT
16;2017;2512;2512;0;2512;0;EXACT
16;2018;2777;2777;0;2777;0;EXACT
16;2019;3181;3181;0;3181;0;EXACT
16;2020;3470;3470;0;3470;0;EXACT
16;2021;3939;3939;0;3939;0;EXACT
17;2012;5902;5902;0;5902;0;EXACT
17;2013;5780;5780;0;5780;0;EXACT
17;2014;5865;5865;0;5865;0;EXACT
17;2015;5635;5635;0;5635;0;EXACT
17;2016;5589;5589;0;5589;0;EXACT
17;2017;6158;6158;0;6158;0;EXACT
17;2018;6923;6923;0;6923;0;EXACT
17;2019;7893;7893;0;7893;0;EXACT
17;2020;8138;8138;0;8138;0;EXACT
17;2021;9465;9465;0;9465;0;EXACT
18;2012;1789;1789;0;1789;0;EXACT
18;2013;1752;1752;0;1752;0;EXACT
18;2014;1828;1828;0;1828;0;EXACT
18;2015;1627;1627;0;1627;0;EXACT
18;2016;1618;1618;0;1618;0;EXACT
18;2017;1648;1648;0;1648;0;EXACT
18;2018;1813;1813;0;1813;0;EXACT
18;2019;2182;2182;0;2182;0;EXACT
18;2020;2503;2503;0;2503;0;EXACT
18;2021;3118;3118;0;3118;0;EXACT
19;2012;1575;1575;0;1575;0;EXACT
19;2013;1584;1584;0;1584;0;EXACT
19;2014;1557;1557;0;1557;0;EXACT
19;2015;1475;1475;0;1475;0;EXACT
19;2016;1444;1444;0;1444;0;EXACT
19;2017;1643;1643;0;1643;0;EXACT
19;2018;1825;1825;0;1825;0;EXACT
19;2019;2077;2077;0;2077;0;EXACT
19;2020;2115;2115;0;2115;0;EXACT
19;2021;2624;2624;0;2624;0;EXACT
21;2012;3895;3895;0;3895;0;EXACT
21;2013;3890;3890;0;3890;0;EXACT
21;2014;4137;4137;0;4137;0;EXACT
21;2015;3954;3954;0;3954;0;EXACT
21;2016;3947;3947;0;3947;0;EXACT
21;2017;4423;4423;0;4423;0;EXACT
21;2018;5039;5039;0;5039;0;EXACT
21;2019;5946;5946;0;5946;0;EXACT
21;2020;6256;6256;0;6256;0;EXACT
21;2021;7141;7141;0;7141;0;EXACT
22;2012;3760;3760;0;3760;0;EXACT
22;2013;3601;3601;0;3601;0;EXACT
22;2014;3755;3755;0;3755;0;EXACT
22;2015;3734;3734;0;3734;0;EXACT
22;2016;3673;3673;0;3673;0;EXACT
22;2017;3963;3963;0;3963;0;EXACT
22;2018;4400;4400;0;4400;0;EXACT
22;2019;4808;4808;0;4808;0;EXACT
22;2020;4745;4745;0;4745;0;EXACT
22;2021;6032;6032;0;6032;0;EXACT
23;2012;786;786;0;786;0;EXACT
23;2013;741;741;0;741;0;EXACT
23;2014;748;748;0;748;0;EXACT
23;2015;632;632;0;632;0;EXACT
23;2016;623;623;0;623;0;EXACT
23;2017;702;702;0;702;0;EXACT
23;2018;692;692;0;692;0;EXACT
23;2019;812;812;0;812;0;EXACT
23;2020;859;859;0;859;0;EXACT
23;2021;985;985;0;985;0;EXACT
24;2012;3411;3411;0;3411;0;EXACT
24;2013;3413;3413;0;3413;0;EXACT
24;2014;3448;3448;0;3448;0;EXACT
24;2015;3287;3287;0;3287;0;EXACT
24;2016;3354;3354;0;3354;0;EXACT
24;2017;3606;3606;0;3606;0;EXACT
24;2018;3715;3715;0;3715;0;EXACT
24;2019;4533;4533;0;4533;0;EXACT
24;2020;4671;4671;0;4671;0;EXACT
24;2021;5350;5350;0;5350;0;EXACT
25;2012;3554;3554;0;3554;0;EXACT
25;2013;3735;3735;0;3735;0;EXACT
25;2014;3722;3722;0;3722;0;EXACT
25;2015;3482;3482;0;3482;0;EXACT
25;2016;3808;3808;0;3808;0;EXACT
25;2017;3866;3866;0;3866;0;EXACT
25;2018;4400;4400;0;4400;0;EXACT
25;2019;4998;4998;0;4998;0;EXACT
25;2020;5518;5518;0;5518;0;EXACT
25;2021;6297;6297;0;6297;0;EXACT
26;2012;4861;4861;0;4861;0;EXACT
26;2013;4721;4721;0;4721;0;EXACT
26;2014;4976;4976;0;4976;0;EXACT
26;2015;4734;4734;0;4734;0;EXACT
26;2016;4795;4795;0;4795;0;EXACT
26;2017;4985;4985;0;4985;0;EXACT
26;2018;5424;5424;0;5424;0;EXACT
26;2019;6352;6352;0;6352;0;EXACT
26;2020;6615;6615;0;6615;0;EXACT
26;2021;7568;7568;0;7568;0;EXACT
27;2012;3875;3875;0;3875;0;EXACT
27;2013;3716;3716;0;3716;0;EXACT
27;2014;4046;4046;0;4046;0;EXACT
27;2015;3680;3680;0;3680;0;EXACT
27;2016;3936;3936;0;3936;0;EXACT
27;2017;4117;4117;0;4117;0;EXACT
27;2018;4583;4583;0;4583;0;EXACT
27;2019;5240;5240;0;5240;0;EXACT
27;2020;5516;5516;0;5516;0;EXACT
27;2021;6369;6369;0;6369;0;EXACT
28;2012;2707;2707;0;2707;0;EXACT
28;2013;2724;2724;0;2724;0;EXACT
28;2014;2842;2842;0;2842;0;EXACT
28;2015;2569;2569;0;2569;0;EXACT
28;2016;2718;2718;0;2718;0;EXACT
28;2017;2913;2913;0;2913;0;EXACT
28;2018;3207;3207;0;3207;0;EXACT
28;2019;3771;3771;0;3771;0;EXACT
28;2020;4043;4043;0;4043;0;EXACT
28;2021;4839;4839;0;4839;0;EXACT
29;2012;5412;5412;0;5412;0;EXACT
29;2013;5374;5374;0;5374;0;EXACT
29;2014;5655;5655;0;5655;0;EXACT
29;2015;5579;5579;0;5579;0;EXACT
29;2016;5520;5520;0;5520;0;EXACT
29;2017;5869;5869;0;5869;0;EXACT
29;2018;6347;6347;0;6347;0;EXACT
29;2019;7453;7453;0;7453;0;EXACT
29;2020;7504;7504;0;7504;0;EXACT
29;2021;9469;9469;0;9469;0;EXACT
2A;2012;1972;1972;0;1972;0;EXACT
2A;2013;1934;1934;0;1934;0;EXACT
2A;2014;1958;1958;0;1958;0;EXACT
2A;2015;1945;1945;0;1945;0;EXACT
2A;2016;1950;1950;0;1950;0;EXACT
2A;2017;2121;2121;0;2121;0;EXACT
2A;2018;2306;2306;0;2306;0;EXACT
2A;2019;2734;2734;0;2734;0;EXACT
2A;2020;2572;2572;0;2572;0;EXACT
2A;2021;2925;2925;0;2925;0;EXACT
2B;2012;2044;2044;0;2044;0;EXACT
2B;2013;1975;1975;0;1975;0;EXACT
2B;2014;2027;2027;0;2027;0;EXACT
2B;2015;1851;1851;0;1851;0;EXACT
2B;2016;2067;2067;0;2067;0;EXACT
2B;2017;2158;2158;0;2158;0;EXACT
2B;2018;2304;2304;0;2304;0;EXACT
2B;2019;2491;2491;0;2491;0;EXACT
2B;2020;2373;2373;0;2373;0;EXACT
2B;2021;2889;2889;0;2889;0;EXACT
30;2012;7633;7633;0;7633;0;EXACT
30;2013;7167;7167;0;7167;0;EXACT
30;2014;7377;7377;0;7377;0;EXACT
30;2015;6960;6960;0;6960;0;EXACT
30;2016;7180;7180;0;7180;0;EXACT
30;2017;7182;7182;0;7182;0;EXACT
30;2018;8089;8089;0;8089;0;EXACT
30;2019;9361;9361;0;9361;0;EXACT
30;2020;9430;9430;0;9430;0;EXACT
30;2021;11591;11591;0;11591;0;EXACT
31;2012;13031;13031;0;13031;0;EXACT
31;2013;12828;12828;0;12828;0;EXACT
31;2014;13572;13572;0;13572;0;EXACT
31;2015;12963;12963;0;12963;0;EXACT
31;2016;14202;14202;0;14202;0;EXACT
31;2017;15853;15853;0;15853;0;EXACT
31;2018;18578;18578;0;18578;0;EXACT
31;2019;22621;22621;0;22621;0;EXACT
31;2020;23446;23446;0;23446;0;EXACT
31;2021;26848;26848;0;26848;0;EXACT
32;2012;1565;1565;0;1565;0;EXACT
32;2013;1480;1480;0;1480;0;EXACT
32;2014;1621;1621;0;1621;0;EXACT
32;2015;1502;1502;0;1502;0;EXACT
32;2016;1605;1605;0;1605;0;EXACT
32;2017;1482;1482;0;1482;0;EXACT
32;2018;1707;1707;0;1707;0;EXACT
32;2019;1881;1881;0;1881;0;EXACT
32;2020;2051;2051;0;2051;0;EXACT
32;2021;2499;2499;0;2499;0;EXACT
33;2012;15991;15991;0;15991;0;EXACT
33;2013;17277;17277;0;17277;0;EXACT
33;2014;17832;17832;0;17832;0;EXACT
33;2015;17764;17764;0;17764;0;EXACT
33;2016;18839;18839;0;18839;0;EXACT
33;2017;21562;21562;0;21562;0;EXACT
33;2018;24708;24708;0;24708;0;EXACT
33;2019;27400;27400;0;27400;0;EXACT
33;2020;27263;27263;0;27263;0;EXACT
33;2021;33076;33076;0;33076;0;EXACT
34;2012;14117;14117;0;14117;0;EXACT
34;2013;13805;13805;0;13805;0;EXACT
34;2014;14107;14107;0;14107;0;EXACT
34;2015;13758;13758;0;13758;0;EXACT
34;2016;14308;14308;0;14308;0;EXACT
34;2017;15502;15502;0;15502;0;EXACT
34;2018;16754;16754;0;16754;0;EXACT
34;2019;19609;19609;0;19609;0;EXACT
34;2020;20257;20257;0;20257;0;EXACT
34;2021;24150;24150;0;24150;0;EXACT
35;2012;6902;6902;0;6902;0;EXACT
35;2013;7287;7287;0;7287;0;EXACT
35;2014;7449;7449;0;7449;0;EXACT
35;2015;7077;7077;0;7077;0;EXACT
35;2016;7673;7673;0;7673;0;EXACT
35;2017;8295;8295;0;8295;0;EXACT
35;2018;9589;9589;0;9589;0;EXACT
35;2019;11021;11021;0;11021;0;EXACT
35;2020;11513;11513;0;11513;0;EXACT
35;2021;14135;14135;0;14135;0;EXACT
36;2012;1301;1301;0;1301;0;EXACT
36;2013;1132;1132;0;1132;0;EXACT
36;2014;1264;1264;0;1264;0;EXACT
36;2015;1163;1163;0;1163;0;EXACT
36;2016;1167;1167;0;1167;0;EXACT
36;2017;1221;1221;0;1221;0;EXACT
36;2018;1294;1294;0;1294;0;EXACT
36;2019;1482;1482;0;1482;0;EXACT
36;2020;1616;1616;0;1616;0;EXACT
36;2021;1976;1976;0;1976;0;EXACT
37;2012;4380;4380;0;4380;0;EXACT
37;2013;4262;4262;0;4262;0;EXACT
37;2014;4411;4411;0;4411;0;EXACT
37;2015;4155;4155;0;4155;0;EXACT
37;2016;4310;4310;0;4310;0;EXACT
37;2017;4809;4809;0;4809;0;EXACT
37;2018;5668;5668;0;5668;0;EXACT
37;2019;6460;6460;0;6460;0;EXACT
37;2020;6706;6706;0;6706;0;EXACT
37;2021;8368;8368;0;8368;0;EXACT
38;2012;10899;10899;0;10899;0;EXACT
38;2013;11247;11247;0;11247;0;EXACT
38;2014;11620;11620;0;11620;0;EXACT
38;2015;10733;10733;0;10733;0;EXACT
38;2016;11170;11170;0;11170;0;EXACT
38;2017;12310;12310;0;12310;0;EXACT
38;2018;13916;13916;0;13916;0;EXACT
38;2019;16612;16612;0;16612;0;EXACT
38;2020;16928;16928;0;16928;0;EXACT
38;2021;19282;19282;0;19282;0;EXACT
39;2012;1860;1860;0;1860;0;EXACT
39;2013;1826;1826;0;1826;0;EXACT
39;2014;1738;1738;0;1738;0;EXACT
39;2015;1602;1602;0;1602;0;EXACT
39;2016;1695;1695;0;1695;0;EXACT
39;2017;1862;1862;0;1862;0;EXACT
39;2018;2096;2096;0;2096;0;EXACT
39;2019;2284;2284;0;2284;0;EXACT
39;2020;2422;2422;0;2422;0;EXACT
39;2021;2764;2764;0;2764;0;EXACT
40;2012;3543;3543;0;3543;0;EXACT
40;2013;3597;3597;0;3597;0;EXACT
40;2014;3724;3724;0;3724;0;EXACT
40;2015;3525;3525;0;3525;0;EXACT
40;2016;3762;3762;0;3762;0;EXACT
40;2017;3896;3896;0;3896;0;EXACT
40;2018;4337;4337;0;4337;0;EXACT
40;2019;5318;5318;0;5318;0;EXACT
40;2020;5263;5263;0;5263;0;EXACT
40;2021;6257;6257;0;6257;0;EXACT
41;2012;2109;2109;0;2109;0;EXACT
41;2013;2065;2065;0;2065;0;EXACT
41;2014;2024;2024;0;2024;0;EXACT
41;2015;2100;2100;0;2100;0;EXACT
41;2016;2151;2151;0;2151;0;EXACT
41;2017;2211;2211;0;2211;0;EXACT
41;2018;2393;2393;0;2393;0;EXACT
41;2019;2793;2793;0;2793;0;EXACT
41;2020;2949;2949;0;2949;0;EXACT
41;2021;3356;3356;0;3356;0;EXACT
42;2012;5534;5534;0;5534;0;EXACT
42;2013;5547;5547;0;5547;0;EXACT
42;2014;5691;5691;0;5691;0;EXACT
42;2015;5342;5342;0;5342;0;EXACT
42;2016;5481;5481;0;5481;0;EXACT
42;2017;5956;5956;0;5956;0;EXACT
42;2018;6733;6733;0;6733;0;EXACT
42;2019;8234;8234;0;8234;0;EXACT
42;2020;8932;8932;0;8932;0;EXACT
42;2021;10161;10161;0;10161;0;EXACT
43;2012;1399;1399;0;1399;0;EXACT
43;2013;1471;1471;0;1471;0;EXACT
43;2014;1417;1417;0;1417;0;EXACT
43;2015;1374;1374;0;1374;0;EXACT
43;2016;1296;1296;0;1296;0;EXACT
43;2017;1451;1451;0;1451;0;EXACT
43;2018;1561;1561;0;1561;0;EXACT
43;2019;1794;1794;0;1794;0;EXACT
43;2020;1928;1928;0;1928;0;EXACT
43;2021;2309;2309;0;2309;0;EXACT
44;2012;10855;10855;0;10855;0;EXACT
44;2013;10584;10584;0;10584;0;EXACT
44;2014;11485;11485;0;11485;0;EXACT
44;2015;11097;11097;0;11097;0;EXACT
44;2016;11862;11862;0;11862;0;EXACT
44;2017;13097;13097;0;13097;0;EXACT
44;2018;13958;13958;0;13958;0;EXACT
44;2019;16555;16555;0;16555;0;EXACT
44;2020;17159;17159;0;17159;0;EXACT
44;2021;21105;21105;0;21105;0;EXACT
45;2012;4434;4434;0;4434;0;EXACT
45;2013;4609;4609;0;4609;0;EXACT
45;2014;4608;4608;0;4608;0;EXACT
45;2015;4440;4440;0;4440;0;EXACT
45;2016;4600;4600;0;4600;0;EXACT
45;2017;4749;4749;0;4749;0;EXACT
45;2018;5699;5699;0;5699;0;EXACT
45;2019;6369;6369;0;6369;0;EXACT
45;2020;6723;6723;0;6723;0;EXACT
45;2021;8123;8123;0;8123;0;EXACT
46;2012;1402;1402;0;1402;0;EXACT
46;2013;1338;1338;0;1338;0;EXACT
46;2014;1433;1433;0;1433;0;EXACT
46;2015;1285;1285;0;1285;0;EXACT
46;2016;1345;1345;0;1345;0;EXACT
46;2017;1333;1333;0;1333;0;EXACT
46;2018;1543;1543;0;1543;0;EXACT
46;2019;1707;1707;0;1707;0;EXACT
46;2020;1811;1811;0;1811;0;EXACT
46;2021;2115;2115;0;2115;0;EXACT
47;2012;2463;2463;0;2463;0;EXACT
47;2013;2530;2530;0;2530;0;EXACT
47;2014;2421;2421;0;2421;0;EXACT
47;2015;2279;2279;0;2279;0;EXACT
47;2016;2386;2386;0;2386;0;EXACT
47;2017;2543;2543;0;2543;0;EXACT
47;2018;2755;2755;0;2755;0;EXACT
47;2019;3275;3275;0;3275;0;EXACT
47;2020;3390;3390;0;3390;0;EXACT
47;2021;4044;4044;0;4044;0;EXACT
48;2012;504;504;0;504;0;EXACT
48;2013;446;446;0;446;0;EXACT
48;2014;522;522;0;522;0;EXACT
48;2015;460;460;0;460;0;EXACT
48;2016;413;413;0;413;0;EXACT
48;2017;486;486;0;486;0;EXACT
48;2018;494;494;0;494;0;EXACT
48;2019;519;519;0;519;0;EXACT
48;2020;579;579;0;579;0;EXACT
48;2021;777;777;0;777;0;EXACT
49;2012;4998;4998;0;4998;0;EXACT
49;2013;5013;5013;0;5013;0;EXACT
49;2014;5154;5154;0;5154;0;EXACT
49;2015;5067;5067;0;5067;0;EXACT
49;2016;5011;5011;0;5011;0;EXACT
49;2017;5438;5438;0;5438;0;EXACT
49;2018;6267;6267;0;6267;0;EXACT
49;2019;7376;7376;0;7376;0;EXACT
49;2020;7608;7608;0;7608;0;EXACT
49;2021;9480;9480;0;9480;0;EXACT
50;2012;2561;2561;0;2561;0;EXACT
50;2013;2443;2443;0;2443;0;EXACT
50;2014;2609;2609;0;2609;0;EXACT
50;2015;2400;2400;0;2400;0;EXACT
50;2016;2596;2596;0;2596;0;EXACT
50;2017;2690;2690;0;2690;0;EXACT
50;2018;2950;2950;0;2950;0;EXACT
50;2019;3448;3448;0;3448;0;EXACT
50;2020;3676;3676;0;3676;0;EXACT
50;2021;4248;4248;0;4248;0;EXACT
51;2012;3576;3576;0;3576;0;EXACT
51;2013;3691;3691;0;3691;0;EXACT
51;2014;3731;3731;0;3731;0;EXACT
51;2015;3311;3311;0;3311;0;EXACT
51;2016;3595;3595;0;3595;0;EXACT
51;2017;4221;4221;0;4221;0;EXACT
51;2018;4792;4792;0;4792;0;EXACT
51;2019;5425;5425;0;5425;0;EXACT
51;2020;5893;5893;0;5893;0;EXACT
51;2021;7754;7754;0;7754;0;EXACT
52;2012;904;904;0;904;0;EXACT
52;2013;970;970;0;970;0;EXACT
52;2014;895;895;0;895;0;EXACT
52;2015;743;743;0;743;0;EXACT
52;2016;851;851;0;851;0;EXACT
52;2017;880;880;0;880;0;EXACT
52;2018;985;985;0;985;0;EXACT
52;2019;1115;1115;0;1115;0;EXACT
52;2020;1228;1228;0;1228;0;EXACT
52;2021;1497;1497;0;1497;0;EXACT
53;2012;1518;1518;0;1518;0;EXACT
53;2013;1536;1536;0;1536;0;EXACT
53;2014;1652;1652;0;1652;0;EXACT
53;2015;1551;1551;0;1551;0;EXACT
53;2016;1633;1633;0;1633;0;EXACT
53;2017;1857;1857;0;1857;0;EXACT
53;2018;1893;1893;0;1893;0;EXACT
53;2019;2255;2255;0;2255;0;EXACT
53;2020;2754;2754;0;2754;0;EXACT
53;2021;3039;3039;0;3039;0;EXACT
54;2012;4483;4483;0;4483;0;EXACT
54;2013;4483;4483;0;4483;0;EXACT
54;2014;4785;4785;0;4785;0;EXACT
54;2015;4508;4508;0;4508;0;EXACT
54;2016;4497;4497;0;4497;0;EXACT
54;2017;4644;4644;0;4644;0;EXACT
54;2018;5602;5602;0;5602;0;EXACT
54;2019;6461;6461;0;6461;0;EXACT
54;2020;7123;7123;0;7123;0;EXACT
54;2021;8160;8160;0;8160;0;EXACT
55;2012;1057;1057;0;1057;0;EXACT
55;2013;1006;1006;0;1006;0;EXACT
55;2014;948;948;0;948;0;EXACT
55;2015;884;884;0;884;0;EXACT
55;2016;900;900;0;900;0;EXACT
55;2017;882;882;0;882;0;EXACT
55;2018;1120;1120;0;1120;0;EXACT
55;2019;1154;1154;0;1154;0;EXACT
55;2020;1190;1190;0;1190;0;EXACT
55;2021;1444;1444;0;1444;0;EXACT
56;2012;5308;5308;0;5308;0;EXACT
56;2013;5236;5236;0;5236;0;EXACT
56;2014;5369;5369;0;5369;0;EXACT
56;2015;5177;5177;0;5177;0;EXACT
56;2016;5332;5332;0;5332;0;EXACT
56;2017;5594;5594;0;5594;0;EXACT
56;2018;6341;6341;0;6341;0;EXACT
56;2019;7118;7118;0;7118;0;EXACT
56;2020;7040;7040;0;7040;0;EXACT
56;2021;8554;8554;0;8554;0;EXACT
57;2012;6695;6695;0;6695;0;EXACT
57;2013;6838;6838;0;6838;0;EXACT
57;2014;6768;6768;0;6768;0;EXACT
57;2015;6166;6166;0;6166;0;EXACT
57;2016;6294;6294;0;6294;0;EXACT
57;2017;6643;6643;0;6643;0;EXACT
57;2018;7269;7269;0;7269;0;EXACT
57;2019;8328;8328;0;8328;0;EXACT
57;2020;8993;8993;0;8993;0;EXACT
57;2021;11255;11255;0;11255;0;EXACT
58;2012;1173;1173;0;1173;0;EXACT
58;2013;1150;1150;0;1150;0;EXACT
58;2014;1184;1184;0;1184;0;EXACT
58;2015;1105;1105;0;1105;0;EXACT
58;2016;1128;1128;0;1128;0;EXACT
58;2017;1202;1202;0;1202;0;EXACT
58;2018;1285;1285;0;1285;0;EXACT
58;2019;1457;1457;0;1457;0;EXACT
58;2020;1506;1506;0;1506;0;EXACT
58;2021;1826;1826;0;1826;0;EXACT
59;2012;16592;16592;0;16592;0;EXACT
59;2013;16631;16631;0;16631;0;EXACT
59;2014;17115;17115;0;17115;0;EXACT
59;2015;16439;16439;0;16439;0;EXACT
59;2016;18031;18031;0;18031;0;EXACT
59;2017;19327;19327;0;19327;0;EXACT
59;2018;22256;22256;0;22256;0;EXACT
59;2019;27186;27186;0;27186;0;EXACT
59;2020;29078;29078;0;29078;0;EXACT
59;2021;34288;34288;0;34288;0;EXACT
60;2012;5324;5324;0;5324;0;EXACT
60;2013;5261;5261;0;5261;0;EXACT
60;2014;5476;5476;0;5476;0;EXACT
60;2015;5276;5276;0;5276;0;EXACT
60;2016;5490;5490;0;5490;0;EXACT
60;2017;5875;5875;0;5875;0;EXACT
60;2018;6525;6525;0;6525;0;EXACT
60;2019;7416;7416;0;7416;0;EXACT
60;2020;7658;7658;0;7658;0;EXACT
60;2021;9473;9473;0;9473;0;EXACT
61;2012;1453;1453;0;1453;0;EXACT
61;2013;1515;1515;0;1515;0;EXACT
61;2014;1524;1524;0;1524;0;EXACT
61;2015;1466;1466;0;1466;0;EXACT
61;2016;1534;1534;0;1534;0;EXACT
61;2017;1619;1619;0;1619;0;EXACT
61;2018;1723;1723;0;1723;0;EXACT
61;2019;1942;1942;0;1942;0;EXACT
61;2020;2065;2065;0;2065;0;EXACT
61;2021;2488;2488;0;2488;0;EXACT
62;2012;8052;8052;0;8052;0;EXACT
62;2013;7800;7800;0;7800;0;EXACT
62;2014;7919;7919;0;7919;0;EXACT
62;2015;7252;7252;0;7252;0;EXACT
62;2016;7085;7085;0;7085;0;EXACT
62;2017;7724;7724;0;7724;0;EXACT
62;2018;8576;8576;0;8576;0;EXACT
62;2019;10527;10527;0;10527;0;EXACT
62;2020;11163;11163;0;11163;0;EXACT
62;2021;13376;13376;0;13376;0;EXACT
63;2012;4384;4384;0;4384;0;EXACT
63;2013;4600;4600;0;4600;0;EXACT
63;2014;4586;4586;0;4586;0;EXACT
63;2015;4266;4266;0;4266;0;EXACT
63;2016;4302;4302;0;4302;0;EXACT
63;2017;4870;4870;0;4870;0;EXACT
63;2018;5562;5562;0;5562;0;EXACT
63;2019;6074;6074;0;6074;0;EXACT
63;2020;6639;6639;0;6639;0;EXACT
63;2021;8213;8213;0;8213;0;EXACT
64;2012;5951;5951;0;5951;0;EXACT
64;2013;6039;6039;0;6039;0;EXACT
64;2014;6042;6042;0;6042;0;EXACT
64;2015;6074;6074;0;6074;0;EXACT
64;2016;6161;6161;0;6161;0;EXACT
64;2017;6597;6597;0;6597;0;EXACT
64;2018;7676;7676;0;7676;0;EXACT
64;2019;8734;8734;0;8734;0;EXACT
64;2020;9079;9079;0;9079;0;EXACT
64;2021;10704;10704;0;10704;0;EXACT
65;2012;1965;1965;0;1965;0;EXACT
65;2013;1862;1862;0;1862;0;EXACT
65;2014;1779;1779;0;1779;0;EXACT
65;2015;1727;1727;0;1727;0;EXACT
65;2016;1824;1824;0;1824;0;EXACT
65;2017;1911;1911;0;1911;0;EXACT
65;2018;1966;1966;0;1966;0;EXACT
65;2019;2494;2494;0;2494;0;EXACT
65;2020;2629;2629;0;2629;0;EXACT
65;2021;2848;2848;0;2848;0;EXACT
66;2012;5115;5115;0;5115;0;EXACT
66;2013;5253;5253;0;5253;0;EXACT
66;2014;5268;5268;0;5268;0;EXACT
66;2015;4952;4952;0;4952;0;EXACT
66;2016;4923;4923;0;4923;0;EXACT
66;2017;5134;5134;0;5134;0;EXACT
66;2018;5696;5696;0;5696;0;EXACT
66;2019;6313;6313;0;6313;0;EXACT
66;2020;6316;6316;0;6316;0;EXACT
66;2021;7941;7941;0;7941;0;EXACT
67;2012;8329;8329;0;8329;0;EXACT
67;2013;9105;9105;0;9105;0;EXACT
67;2014;8973;8973;0;8973;0;EXACT
67;2015;8016;8016;0;8016;0;EXACT
67;2016;8917;8917;0;8917;0;EXACT
67;2017;9837;9837;0;9837;0;EXACT
67;2018;10659;10659;0;10659;0;EXACT
67;2019;12209;12209;0;12209;0;EXACT
67;2020;12944;12944;0;12944;0;EXACT
67;2021;15908;15908;0;15908;0;EXACT
68;2012;5264;5264;0;5264;0;EXACT
68;2013;5388;5388;0;5388;0;EXACT
68;2014;5259;5259;0;5259;0;EXACT
68;2015;4694;4694;0;4694;0;EXACT
68;2016;5231;5231;0;5231;0;EXACT
68;2017;5465;5465;0;5465;0;EXACT
68;2018;5817;5817;0;5817;0;EXACT
68;2019;6931;6931;0;6931;0;EXACT
68;2020;7550;7550;0;7550;0;EXACT
68;2021;9005;9005;0;9005;0;EXACT
69;2012;18675;18675;0;18675;0;EXACT
69;2013;18836;18836;0;18836;0;EXACT
69;2014;19426;19426;0;19426;0;EXACT
69;2015;19715;19715;0;19715;0;EXACT
69;2016;21947;21947;0;21947;0;EXACT
69;2017;25340;25340;0;25340;0;EXACT
69;2018;29620;29620;0;29620;0;EXACT
69;2019;36258;36258;0;36258;0;EXACT
69;2020;36173;36173;0;36173;0;EXACT
69;2021;39119;39119;0;39119;0;EXACT
70;2012;1434;1434;0;1434;0;EXACT
70;2013;1405;1405;0;1405;0;EXACT
70;2014;1457;1457;0;1457;0;EXACT
70;2015;1322;1322;0;1322;0;EXACT
70;2016;1308;1308;0;1308;0;EXACT
70;2017;1409;1409;0;1409;0;EXACT
70;2018;1502;1502;0;1502;0;EXACT
70;2019;1750;1750;0;1750;0;EXACT
70;2020;1937;1937;0;1937;0;EXACT
70;2021;2089;2089;0;2089;0;EXACT
71;2012;3500;3500;0;3500;0;EXACT
71;2013;3506;3506;0;3506;0;EXACT
71;2014;3580;3580;0;3580;0;EXACT
71;2015;3416;3416;0;3416;0;EXACT
71;2016;3550;3550;0;3550;0;EXACT
71;2017;3681;3681;0;3681;0;EXACT
71;2018;3914;3914;0;3914;0;EXACT
71;2019;4645;4645;0;4645;0;EXACT
71;2020;4983;4983;0;4983;0;EXACT
71;2021;5985;5985;0;5985;0;EXACT
72;2012;2717;2717;0;2717;0;EXACT
72;2013;2942;2942;0;2942;0;EXACT
72;2014;2851;2851;0;2851;0;EXACT
72;2015;2839;2839;0;2839;0;EXACT
72;2016;2739;2739;0;2739;0;EXACT
72;2017;3142;3142;0;3142;0;EXACT
72;2018;3478;3478;0;3478;0;EXACT
72;2019;3988;3988;0;3988;0;EXACT
72;2020;4324;4324;0;4324;0;EXACT
72;2021;5135;5135;0;5135;0;EXACT
73;2012;4454;4454;0;4454;0;EXACT
73;2013;4489;4489;0;4489;0;EXACT
73;2014;4629;4629;0;4629;0;EXACT
73;2015;4284;4284;0;4284;0;EXACT
73;2016;4435;4435;0;4435;0;EXACT
73;2017;4776;4776;0;4776;0;EXACT
73;2018;5493;5493;0;5493;0;EXACT
73;2019;6142;6142;0;6142;0;EXACT
73;2020;6530;6530;0;6530;0;EXACT
73;2021;7431;7431;0;7431;0;EXACT
74;2012;7310;7310;0;7310;0;EXACT
74;2013;7449;7449;0;7449;0;EXACT
74;2014;7773;7773;0;7773;0;EXACT
74;2015;7273;7273;0;7273;0;EXACT
74;2016;7771;7771;0;7771;0;EXACT
74;2017;8516;8516;0;8516;0;EXACT
74;2018;9136;9136;0;9136;0;EXACT
74;2019;11104;11104;0;11104;0;EXACT
74;2020;12042;12042;0;12042;0;EXACT
74;2021;13552;13552;0;13552;0;EXACT
75;2012;45584;45584;0;45584;0;EXACT
75;2013;44928;44928;0;44928;0;EXACT
75;2014;47932;47932;0;47932;0;EXACT
75;2015;50624;50624;0;50624;0;EXACT
75;2016;58546;58546;0;58546;0;EXACT
75;2017;63560;63560;0;63560;0;EXACT
75;2018;70695;70695;0;70695;0;EXACT
75;2019;78151;78151;0;78151;0;EXACT
75;2020;76781;76781;0;76781;0;EXACT
75;2021;83990;83990;0;83990;0;EXACT
76;2012;6853;6853;0;6853;0;EXACT
76;2013;6905;6905;0;6905;0;EXACT
76;2014;7318;7318;0;7318;0;EXACT
76;2015;6801;6801;0;6801;0;EXACT
76;2016;7230;7230;0;7230;0;EXACT
76;2017;7970;7970;0;7970;0;EXACT
76;2018;9635;9635;0;9635;0;EXACT
76;2019;10874;10874;0;10874;0;EXACT
76;2020;12328;12328;0;12328;0;EXACT
76;2021;14182;14182;0;14182;0;EXACT
77;2012;10910;10910;0;10910;0;EXACT
77;2013;11068;11068;0;11068;0;EXACT
77;2014;11292;11292;0;11292;0;EXACT
77;2015;11084;11084;0;11084;0;EXACT
77;2016;12156;12156;0;12156;0;EXACT
77;2017;13315;13315;0;13315;0;EXACT
77;2018;15224;15224;0;15224;0;EXACT
77;2019;18694;18694;0;18694;0;EXACT
77;2020;19865;19865;0;19865;0;EXACT
77;2021;23717;23717;0;23717;0;EXACT
78;2012;11948;11948;0;11948;0;EXACT
78;2013;11868;11868;0;11868;0;EXACT
78;2014;12658;12658;0;12658;0;EXACT
78;2015;12714;12714;0;12714;0;EXACT
78;2016;13738;13738;0;13738;0;EXACT
78;2017;15245;15245;0;15245;0;EXACT
78;2018;17856;17856;0;17856;0;EXACT
78;2019;21107;21107;0;21107;0;EXACT
78;2020;22499;22499;0;22499;0;EXACT
78;2021;25774;25774;0;25774;0;EXACT
79;2012;1979;1979;0;1979;0;EXACT
79;2013;2168;2168;0;2168;0;EXACT
79;2014;2010;2010;0;2010;0;EXACT
79;2015;1983;1983;0;1983;0;EXACT
79;2016;2015;2015;0;2015;0;EXACT
79;2017;2187;2187;0;2187;0;EXACT
79;2018;2476;2476;0;2476;0;EXACT
79;2019;2659;2659;0;2659;0;EXACT
79;2020;2867;2867;0;2867;0;EXACT
79;2021;3333;3333;0;3333;0;EXACT
80;2012;3009;3009;0;3009;0;EXACT
80;2013;2920;2920;0;2920;0;EXACT
80;2014;3034;3034;0;3034;0;EXACT
80;2015;3009;3009;0;3009;0;EXACT
80;2016;3090;3090;0;3090;0;EXACT
80;2017;3288;3288;0;3288;0;EXACT
80;2018;4337;4337;0;4337;0;EXACT
80;2019;4817;4817;0;4817;0;EXACT
80;2020;4944;4944;0;4944;0;EXACT
80;2021;5673;5673;0;5673;0;EXACT
81;2012;3106;3106;0;3106;0;EXACT
81;2013;2982;2982;0;2982;0;EXACT
81;2014;3085;3085;0;3085;0;EXACT
81;2015;2859;2859;0;2859;0;EXACT
81;2016;2962;2962;0;2962;0;EXACT
81;2017;3153;3153;0;3153;0;EXACT
81;2018;3502;3502;0;3502;0;EXACT
81;2019;4249;4249;0;4249;0;EXACT
81;2020;4391;4391;0;4391;0;EXACT
81;2021;5225;5225;0;5225;0;EXACT
82;2012;2327;2327;0;2327;0;EXACT
82;2013;2235;2235;0;2235;0;EXACT
82;2014;2161;2161;0;2161;0;EXACT
82;2015;2058;2058;0;2058;0;EXACT
82;2016;2178;2178;0;2178;0;EXACT
82;2017;2138;2138;0;2138;0;EXACT
82;2018;2361;2361;0;2361;0;EXACT
82;2019;2761;2761;0;2761;0;EXACT
82;2020;2936;2936;0;2936;0;EXACT
82;2021;3502;3502;0;3502;0;EXACT
83;2012;13380;13380;0;13380;0;EXACT
83;2013;12951;12951;0;12951;0;EXACT
83;2014;12907;12907;0;12907;0;EXACT
83;2015;12386;12386;0;12386;0;EXACT
83;2016;12825;12825;0;12825;0;EXACT
83;2017;13382;13382;0;13382;0;EXACT
83;2018;15025;15025;0;15025;0;EXACT
83;2019;16931;16931;0;16931;0;EXACT
83;2020;17542;17542;0;17542;0;EXACT
83;2021;21220;21220;0;21220;0;EXACT
84;2012;6363;6363;0;6363;0;EXACT
84;2013;6190;6190;0;6190;0;EXACT
84;2014;6421;6421;0;6421;0;EXACT
84;2015;5729;5729;0;5729;0;EXACT
84;2016;5863;5863;0;5863;0;EXACT
84;2017;6280;6280;0;6280;0;EXACT
84;2018;7204;7204;0;7204;0;EXACT
84;2019;8246;8246;0;8246;0;EXACT
84;2020;8193;8193;0;8193;0;EXACT
84;2021;10031;10031;0;10031;0;EXACT
85;2012;4362;4362;0;4362;0;EXACT
85;2013;4279;4279;0;4279;0;EXACT
85;2014;4434;4434;0;4434;0;EXACT
85;2015;4345;4345;0;4345;0;EXACT
85;2016;4579;4579;0;4579;0;EXACT
85;2017;4922;4922;0;4922;0;EXACT
85;2018;5074;5074;0;5074;0;EXACT
85;2019;6193;6193;0;6193;0;EXACT
85;2020;6214;6214;0;6214;0;EXACT
85;2021;7569;7569;0;7569;0;EXACT
86;2012;2654;2654;0;2654;0;EXACT
86;2013;2795;2795;0;2795;0;EXACT
86;2014;2736;2736;0;2736;0;EXACT
86;2015;2688;2688;0;2688;0;EXACT
86;2016;2792;2792;0;2792;0;EXACT
86;2017;2901;2901;0;2901;0;EXACT
86;2018;3419;3419;0;3419;0;EXACT
86;2019;3927;3927;0;3927;0;EXACT
86;2020;4288;4288;0;4288;0;EXACT
86;2021;4804;4804;0;4804;0;EXACT
87;2012;2354;2354;0;2354;0;EXACT
87;2013;2438;2438;0;2438;0;EXACT
87;2014;2432;2432;0;2432;0;EXACT
87;2015;2217;2217;0;2217;0;EXACT
87;2016;2337;2337;0;2337;0;EXACT
87;2017;2561;2561;0;2561;0;EXACT
87;2018;2937;2937;0;2937;0;EXACT
87;2019;3306;3306;0;3306;0;EXACT
87;2020;3489;3489;0;3489;0;EXACT
87;2021;4428;4428;0;4428;0;EXACT
88;2012;2521;2521;0;2521;0;EXACT
88;2013;2595;2595;0;2595;0;EXACT
88;2014;2568;2568;0;2568;0;EXACT
88;2015;2307;2307;0;2307;0;EXACT
88;2016;2361;2361;0;2361;0;EXACT
88;2017;2443;2443;0;2443;0;EXACT
88;2018;2624;2624;0;2624;0;EXACT
88;2019;3031;3031;0;3031;0;EXACT
88;2020;3169;3169;0;3169;0;EXACT
88;2021;3737;3737;0;3737;0;EXACT
89;2012;2198;2198;0;2198;0;EXACT
89;2013;2285;2285;0;2285;0;EXACT
89;2014;2250;2250;0;2250;0;EXACT
89;2015;2110;2110;0;2110;0;EXACT
89;2016;2138;2138;0;2138;0;EXACT
89;2017;2444;2444;0;2444;0;EXACT
89;2018;2670;2670;0;2670;0;EXACT
89;2019;2974;2974;0;2974;0;EXACT
89;2020;3155;3155;0;3155;0;EXACT
89;2021;3724;3724;0;3724;0;EXACT
90;2012;834;834;0;834;0;EXACT
90;2013;985;985;0;985;0;EXACT
90;2014;885;885;0;885;0;EXACT
90;2015;759;759;0;759;0;EXACT
90;2016;819;819;0;819;0;EXACT
90;2017;927;927;0;927;0;EXACT
90;2018;987;987;0;987;0;EXACT
90;2019;1205;1205;0;1205;0;EXACT
90;2020;1501;1501;0;1501;0;EXACT
90;2021;1646;1646;0;1646;0;EXACT
91;2012;9820;9820;0;9820;0;EXACT
91;2013;9754;9754;0;9754;0;EXACT
91;2014;10525;10525;0;10525;0;EXACT
91;2015;10131;10131;0;10131;0;EXACT
91;2016;11352;11352;0;11352;0;EXACT
91;2017;12555;12555;0;12555;0;EXACT
91;2018;14897;14897;0;14897;0;EXACT
91;2019;18258;18258;0;18258;0;EXACT
91;2020;20280;20280;0;20280;0;EXACT
91;2021;22606;22606;0;22606;0;EXACT
92;2012;17010;17010;0;17010;0;EXACT
92;2013;17293;17293;0;17293;0;EXACT
92;2014;18486;18486;0;18486;0;EXACT
92;2015;19038;19038;0;19038;0;EXACT
92;2016;22340;22340;0;22340;0;EXACT
92;2017;25407;25407;0;25407;0;EXACT
92;2018;29795;29795;0;29795;0;EXACT
92;2019;32526;32526;0;32526;0;EXACT
92;2020;32710;32710;0;32710;0;EXACT
92;2021;35308;35308;0;35308;0;EXACT
93;2012;15558;15558;0;15558;0;EXACT
93;2013;16283;16283;0;16283;0;EXACT
93;2014;17714;17714;0;17714;0;EXACT
93;2015;18116;18116;0;18116;0;EXACT
93;2016;20201;20201;0;20201;0;EXACT
93;2017;23299;23299;0;23299;0;EXACT
93;2018;28993;28993;0;28993;0;EXACT
93;2019;32754;32754;0;32754;0;EXACT
93;2020;35316;35316;0;35316;0;EXACT
93;2021;38042;38042;0;38042;0;EXACT
94;2012;12348;12348;0;12348;0;EXACT
94;2013;12480;12480;0;12480;0;EXACT
94;2014;13247;13247;0;13247;0;EXACT
94;2015;13406;13406;0;13406;0;EXACT
94;2016;15288;15288;0;15288;0;EXACT
94;2017;17644;17644;0;17644;0;EXACT
94;2018;21890;21890;0;21890;0;EXACT
94;2019;25109;25109;0;25109;0;EXACT
94;2020;26433;26433;0;26433;0;EXACT
94;2021;28312;28312;0;28312;0;EXACT
95;2012;9917;9917;0;9917;0;EXACT
95;2013;9979;9979;0;9979;0;EXACT
95;2014;10461;10461;0;10461;0;EXACT
95;2015;10515;10515;0;10515;0;EXACT
95;2016;12000;12000;0;12000;0;EXACT
95;2017;13125;13125;0;13125;0;EXACT
95;2018;16645;16645;0;16645;0;EXACT
95;2019;19795;19795;0;19795;0;EXACT
95;2020;21324;21324;0;21324;0;EXACT
95;2021;23874;23874;0;23874;0;EXACT
